2026-10-08 23:34:04,A_cnn1d_L256 ep1 start,36,73.9,480,0
2026-10-08 23:34:06,A_cnn1d_L256 ep1 step100,37,87.6,640,29
2026-10-08 23:34:07,A_cnn1d_L256 ep1 step200,37,98.4,640,31
2026-10-08 23:34:07,A_cnn1d_L256 ep1 step300,37,99.3,640,32
2026-10-08 23:34:07,A_cnn1d_L256 ep2 start,37,99.0,590,26
2026-10-08 23:34:08,A_cnn1d_L256 ep2 step100,37,82.1,630,31
2026-10-08 23:34:09,A_cnn1d_L256 ep2 step200,37,80.8,630,33
2026-10-08 23:34:09,A_cnn1d_L256 ep2 step300,37,85.8,630,34
2026-10-08 23:34:09,A_cnn1d_L256 ep3 start,37,85.8,664,34
2026-10-08 23:34:10,A_cnn1d_L256 ep3 step100,36,76.2,664,41
2026-10-08 23:34:11,A_cnn1d_L256 ep3 step200,36,66.4,664,41
2026-10-08 23:34:11,A_cnn1d_L256 ep3 step300,37,66.1,664,41
2026-10-08 23:34:11,A_cnn1d_L256 ep4 start,37,66.3,664,32
2026-10-08 23:34:12,A_cnn1d_L256 ep4 step100,37,71.5,664,33
2026-10-08 23:34:13,A_cnn1d_L256 ep4 step200,37,84.5,664,34
2026-10-08 23:34:13,A_cnn1d_L256 ep4 step300,37,87.4,664,33
2026-10-08 23:34:13,A_cnn1d_L256 ep5 start,37,87.0,664,24
2026-10-08 23:34:14,A_cnn1d_L256 ep5 step100,37,79.2,664,42
2026-10-08 23:34:15,A_cnn1d_L256 ep5 step200,37,66.2,664,40
2026-10-08 23:34:15,A_cnn1d_L256 ep5 step300,37,68.2,664,40
2026-10-08 23:34:15,A_cnn1d_L256 ep6 start,37,68.1,664,36
2026-10-08 23:34:16,A_cnn1d_L256 ep6 step100,38,71.9,664,33
2026-10-08 23:34:17,A_cnn1d_L256 ep6 step200,38,82.1,664,34
2026-10-08 23:34:17,A_cnn1d_L256 ep6 step300,38,86.7,664,34
2026-10-08 23:34:17,A_cnn1d_L256 ep7 start,38,86.7,664,34
2026-10-08 23:34:18,A_cnn1d_L256 ep7 step100,37,79.6,664,37
2026-10-08 23:34:19,A_cnn1d_L256 ep7 step200,38,70.0,664,41
2026-10-08 23:34:19,A_cnn1d_L256 ep7 step300,38,78.2,664,34
2026-10-08 23:34:19,A_cnn1d_L256 ep8 start,38,79.9,664,34
2026-10-08 23:34:20,A_cnn1d_L256 ep8 step100,38,86.0,664,34
2026-10-08 23:34:21,A_cnn1d_L256 ep8 step200,38,84.5,664,34
2026-10-08 23:34:21,A_cnn1d_L256 ep8 step300,38,70.9,663,39
2026-10-08 23:34:21,A_cnn1d_L256 ep9 start,38,68.8,663,39
2026-10-08 23:34:22,A_cnn1d_L256 ep9 step100,38,65.5,663,38
2026-10-08 23:34:23,A_cnn1d_L256 ep9 step200,38,66.8,663,39
2026-10-08 23:34:23,A_cnn1d_L256 ep9 step300,38,67.5,663,38
2026-10-08 23:34:23,A_cnn1d_L256 ep10 start,38,67.2,663,34
2026-10-08 23:34:24,A_cnn1d_L256 ep10 step100,38,66.9,663,41
2026-10-08 23:34:25,A_cnn1d_L256 ep10 step200,38,67.6,663,39
2026-10-08 23:34:25,A_cnn1d_L256 ep10 step300,38,68.3,663,38
2026-10-08 23:34:26,A_cnn1d_L256 ep11 start,38,68.0,663,38
2026-10-08 23:34:26,A_cnn1d_L256 ep11 step100,38,67.9,663,39
2026-10-08 23:34:27,A_cnn1d_L256 ep11 step200,38,67.4,663,37
2026-10-08 23:34:28,A_cnn1d_L256 ep11 step300,38,66.9,663,35
2026-10-08 23:34:28,A_cnn1d_L256 ep12 start,38,66.8,663,35
2026-10-08 23:34:28,A_cnn1d_L256 ep12 step100,38,66.0,663,32
2026-10-08 23:34:29,A_cnn1d_L256 ep12 step200,38,65.7,663,41
2026-10-08 23:34:30,A_cnn1d_L256 ep12 step300,39,71.8,659,33
2026-10-08 23:34:30,A_cnn1d_L256 ep13 start,39,73.4,659,23
2026-10-08 23:34:30,A_cnn1d_L256 ep13 step100,39,84.2,659,34
2026-10-08 23:34:31,A_cnn1d_L256 ep13 step200,39,86.6,659,34
2026-10-08 23:34:32,A_cnn1d_L256 ep13 step300,39,77.2,659,41
2026-10-08 23:34:32,A_cnn1d_L256 ep14 start,39,75.3,659,41
2026-10-08 23:34:32,A_cnn1d_L256 ep14 step100,39,67.5,659,41
2026-10-08 23:34:33,A_cnn1d_L256 ep14 step200,40,73.1,659,33
2026-10-08 23:34:34,A_cnn1d_L256 ep14 step300,40,85.7,659,34
2026-10-08 23:34:34,A_cnn1d_L256 ep15 start,40,87.4,659,34
2026-10-08 23:34:34,A_cnn1d_L256 ep15 step100,40,90.7,659,29
2026-10-08 23:34:35,A_cnn1d_L256 ep15 step200,39,81.7,659,35
2026-10-08 23:34:36,A_cnn1d_L256 ep15 step300,39,70.2,659,41
2026-10-08 23:34:36,A_cnn1d_L256 ep16 start,39,67.9,659,41
2026-10-08 23:34:36,A_cnn1d_L256 ep16 step100,40,73.5,659,34
2026-10-08 23:34:37,A_cnn1d_L256 ep16 step200,40,83.7,659,35
2026-10-08 23:34:38,A_cnn1d_L256 ep16 step300,40,86.7,659,29
2026-10-08 23:34:38,A_cnn1d_L256 ep17 start,40,86.4,659,29
2026-10-08 23:34:38,A_cnn1d_L256 ep17 step100,39,76.0,659,41
2026-10-08 23:34:39,A_cnn1d_L256 ep17 step200,39,65.3,659,41
2026-10-08 23:34:40,A_cnn1d_L256 ep17 step300,40,66.4,659,39
2026-10-08 23:34:40,A_cnn1d_L256 ep18 start,40,66.3,659,34
2026-10-08 23:34:41,A_cnn1d_L256 ep18 step100,40,66.7,659,40
2026-10-08 23:34:41,A_cnn1d_L256 ep18 step200,40,67.2,659,37
2026-10-08 23:34:42,A_cnn1d_L256 ep18 step300,40,71.7,659,36
2026-10-08 23:34:42,A_cnn1d_L256 ep19 start,40,73.4,659,36
2026-10-08 23:34:43,A_cnn1d_L256 ep19 step100,40,84.8,659,34
2026-10-08 23:34:43,A_cnn1d_L256 ep19 step200,41,88.7,659,35
2026-10-08 23:34:44,A_cnn1d_L256 ep19 step300,40,83.6,659,42
2026-10-08 23:34:44,A_cnn1d_L256 ep20 start,40,81.5,659,32
2026-10-08 23:34:44,A_cnn1d_L256 ep20 step100,40,71.4,659,39
2026-10-08 23:34:45,A_cnn1d_L256 ep20 step200,41,74.3,659,34
2026-10-08 23:34:46,A_cnn1d_L256 ep20 step300,41,86.3,659,34
2026-10-08 23:34:46,A_cnn1d_L256 ep21 start,41,88.0,659,34
2026-10-08 23:34:46,A_cnn1d_L256 ep21 step100,41,92.3,659,34
2026-10-08 23:34:47,A_cnn1d_L256 ep21 step200,41,85.8,659,42
2026-10-08 23:34:48,A_cnn1d_L256 ep21 step300,41,75.3,659,42
2026-10-08 23:34:48,A_cnn1d_L256 ep22 start,41,74.5,659,29
2026-10-08 23:34:48,A_cnn1d_L256 ep22 step100,41,83.5,659,33
2026-10-08 23:34:49,A_cnn1d_L256 ep22 step200,41,87.9,659,32
2026-10-08 23:34:50,A_cnn1d_L256 ep22 step300,41,81.2,659,40
2026-10-08 23:34:50,A_cnn1d_L256 ep23 start,41,78.5,659,32
2026-10-08 23:34:50,A_cnn1d_L256 ep23 step100,40,63.5,659,41
2026-10-08 23:34:51,A_cnn1d_L256 ep23 step200,40,63.1,659,39
2026-10-08 23:34:52,A_cnn1d_L256 ep23 step300,40,62.3,659,39
2026-10-08 23:34:52,A_cnn1d_L256 ep24 start,40,62.1,659,27
2026-10-08 23:34:53,A_cnn1d_L256 ep24 step100,41,61.6,659,40
2026-10-08 23:34:53,A_cnn1d_L256 ep24 step200,41,63.6,659,40
2026-10-08 23:34:54,A_cnn1d_L256 ep24 step300,41,63.8,659,40
2026-10-08 23:34:54,A_cnn1d_L256 ep25 start,41,63.2,659,31
2026-10-08 23:34:55,A_cnn1d_L256 ep25 step100,41,63.4,659,39
2026-10-08 23:34:55,A_cnn1d_L256 ep25 step200,41,63.3,659,38
2026-10-08 23:34:56,A_cnn1d_L256 ep25 step300,41,63.3,659,40
2026-10-08 23:34:56,A_cnn1d_L256 ep26 start,41,62.9,659,33
2026-10-08 23:34:57,A_cnn1d_L256 ep26 step100,41,64.8,659,41
2026-10-08 23:34:58,A_cnn1d_L256 ep26 step200,42,70.8,659,40
2026-10-08 23:34:58,A_cnn1d_L256 ep26 step300,42,81.7,659,31
2026-10-08 23:34:58,A_cnn1d_L256 ep27 start,42,83.0,659,31
2026-10-08 23:34:59,A_cnn1d_L256 ep27 step100,42,86.5,659,34
2026-10-08 23:35:00,A_cnn1d_L256 ep27 step200,41,81.2,659,39
2026-10-08 23:35:00,A_cnn1d_L256 ep27 step300,41,66.8,659,40
2026-10-08 23:35:00,A_cnn1d_L256 ep28 start,41,64.6,659,40
2026-10-08 23:35:01,A_cnn1d_L256 ep28 step100,41,64.8,669,41
2026-10-08 23:35:02,A_cnn1d_L256 ep28 step200,42,67.1,669,41
2026-10-08 23:35:02,A_cnn1d_L256 ep28 step300,42,71.3,665,30
2026-10-08 23:35:02,A_cnn1d_L256 ep29 start,42,72.7,660,30
2026-10-08 23:35:03,A_cnn1d_L256 ep29 step100,42,83.0,660,35
2026-10-08 23:35:04,A_cnn1d_L256 ep29 step200,43,87.0,660,35
2026-10-08 23:35:04,A_cnn1d_L256 ep29 step300,42,81.8,660,41
2026-10-08 23:35:04,A_cnn1d_L256 ep30 start,42,79.9,660,38
2026-10-08 23:35:05,A_cnn1d_L256 ep30 step100,42,68.7,665,41
2026-10-08 23:35:06,A_cnn1d_L256 ep30 step200,43,80.2,666,34
2026-10-08 23:35:06,A_cnn1d_L256 ep30 step300,43,87.5,666,33
2026-10-08 23:35:06,A_cnn1d_L256 ep31 start,43,87.4,666,29
2026-10-08 23:35:07,A_cnn1d_L256 ep31 step100,42,83.3,666,42
2026-10-08 23:35:08,A_cnn1d_L256 ep31 step200,42,70.4,666,42
2026-10-08 23:35:08,A_cnn1d_L256 ep31 step300,42,68.5,666,38
2026-10-08 23:35:08,A_cnn1d_L256 ep32 start,42,68.0,666,30
2026-10-08 23:35:09,A_cnn1d_L256 ep32 step100,43,70.5,666,40
2026-10-08 23:35:10,A_cnn1d_L256 ep32 step200,43,80.4,668,34
2026-10-08 23:35:10,A_cnn1d_L256 ep32 step300,43,86.7,676,33
2026-10-08 23:35:10,A_cnn1d_L256 ep33 start,43,86.2,676,27
2026-10-08 23:35:11,A_cnn1d_L256 ep33 step100,43,80.3,676,39
2026-10-08 23:35:12,A_cnn1d_L256 ep33 step200,43,66.8,667,36
2026-10-08 23:35:12,A_cnn1d_L256 ep33 step300,43,67.4,667,41
2026-10-08 23:35:13,A_cnn1d_L256 ep34 start,43,67.6,667,41
2026-10-08 23:35:13,A_cnn1d_L256 ep34 step100,43,71.5,667,31
2026-10-08 23:35:14,A_cnn1d_L256 ep34 step200,44,81.7,667,31
2026-10-08 23:35:14,A_cnn1d_L256 ep34 step300,44,87.0,674,33
2026-10-08 23:35:14,A_cnn1d_L256 ep35 start,44,86.7,674,33
2026-10-08 23:35:15,A_cnn1d_L256 ep35 step100,43,81.1,674,37
2026-10-08 23:35:16,A_cnn1d_L256 ep35 step200,43,66.8,674,35
2026-10-08 23:35:17,A_cnn1d_L256 ep35 step300,43,59.6,674,35
2026-10-08 23:35:17,A_cnn1d_L256 ep36 start,43,59.0,674,32
2026-10-08 23:35:18,A_cnn1d_L256 ep36 step100,43,59.5,674,39
2026-10-08 23:35:18,A_cnn1d_L256 ep36 step200,43,60.8,674,39
2026-10-08 23:35:19,A_cnn1d_L256 ep36 step300,43,62.6,674,40
2026-10-08 23:35:19,A_cnn1d_L256 ep37 start,43,62.5,674,40
2026-10-08 23:35:20,A_cnn1d_L256 ep37 step100,43,65.0,674,41
2026-10-08 23:35:20,A_cnn1d_L256 ep37 step200,43,66.1,674,41
2026-10-08 23:35:21,A_cnn1d_L256 ep37 step300,43,66.7,674,32
2026-10-08 23:35:21,A_cnn1d_L256 ep38 start,43,66.5,674,32
2026-10-08 23:35:22,A_cnn1d_L256 ep38 step100,43,66.9,674,38
2026-10-08 23:35:23,A_cnn1d_L256 ep38 step200,43,65.8,674,35
2026-10-08 23:35:23,A_cnn1d_L256 ep38 step300,44,66.8,674,42
2026-10-08 23:35:24,A_cnn1d_L256 ep39 start,44,68.4,674,42
2026-10-08 23:35:24,A_cnn1d_L256 ep39 step100,45,81.3,674,34
2026-10-08 23:35:25,A_cnn1d_L256 ep39 step200,45,89.1,674,32
2026-10-08 23:35:25,A_cnn1d_L256 ep39 step300,44,84.8,673,33
2026-10-08 23:35:25,A_cnn1d_L256 ep40 start,44,82.5,673,35
2026-10-08 23:35:26,A_cnn1d_L256 ep40 step100,44,70.3,673,40
2026-10-08 23:35:27,A_cnn1d_L256 ep40 step200,44,70.8,673,31
2026-10-08 23:35:27,A_cnn1d_L256 ep40 step300,45,81.4,673,33
2026-10-08 23:35:28,A_cnn1d_L256 ep41 start,45,82.5,673,33
2026-10-08 23:35:28,A_cnn1d_L256 ep41 step100,45,86.2,673,34
2026-10-08 23:35:29,A_cnn1d_L256 ep41 step200,44,78.8,673,39
2026-10-08 23:35:30,A_cnn1d_L256 ep41 step300,44,64.0,673,42
2026-10-08 23:35:30,A_cnn1d_L256 ep42 start,44,63.2,673,32
2026-10-08 23:35:30,A_cnn1d_L256 ep42 step100,44,65.8,672,40
2026-10-08 23:35:31,A_cnn1d_L256 ep42 step200,44,67.1,672,41
2026-10-08 23:35:32,A_cnn1d_L256 ep42 step300,45,69.4,672,37
2026-10-08 23:35:32,A_cnn1d_L256 ep43 start,45,69.6,672,37
2026-10-08 23:35:32,A_cnn1d_L256 ep43 step100,45,75.3,672,34
2026-10-08 23:35:33,A_cnn1d_L256 ep43 step200,45,84.4,672,34
2026-10-08 23:35:34,A_cnn1d_L256 ep43 step300,46,87.4,672,33
2026-10-08 23:35:34,A_cnn1d_L256 ep44 start,46,86.8,672,26
2026-10-08 23:35:34,A_cnn1d_L256 ep44 step100,45,77.4,672,40
2026-10-08 23:35:35,A_cnn1d_L256 ep44 step200,45,66.1,668,40
2026-10-08 23:35:36,A_cnn1d_L256 ep44 step300,45,66.8,668,41
2026-10-08 23:35:36,A_cnn1d_L256 ep45 start,45,66.5,668,41
2026-10-08 23:35:36,A_cnn1d_L256 ep45 step100,46,74.6,668,31
2026-10-08 23:35:37,A_cnn1d_L256 ep45 step200,46,84.9,668,34
2026-10-08 23:35:38,A_cnn1d_L256 ep45 step300,46,86.6,668,35
2026-10-08 23:35:38,A_cnn1d_L256 ep46 start,46,86.2,668,35
2026-10-08 23:35:38,A_cnn1d_L256 ep46 step100,45,74.8,668,36
2026-10-08 23:35:39,A_cnn1d_L256 ep46 step200,45,67.0,668,41
2026-10-08 23:35:40,A_cnn1d_L256 ep46 step300,45,68.7,668,41
2026-10-08 23:35:40,A_cnn1d_L256 ep47 start,45,68.8,668,28
2026-10-08 23:35:40,A_cnn1d_L256 ep47 step100,45,69.0,668,36
2026-10-08 23:35:41,A_cnn1d_L256 ep47 step200,46,73.9,668,34
2026-10-08 23:35:42,A_cnn1d_L256 ep47 step300,46,84.2,668,33
2026-10-08 23:35:42,A_cnn1d_L256 ep48 start,46,85.3,668,29
2026-10-08 23:35:42,A_cnn1d_L256 ep48 step100,46,87.0,668,32
2026-10-08 23:35:43,A_cnn1d_L256 ep48 step200,45,76.6,668,40
2026-10-08 23:35:44,A_cnn1d_L256 ep48 step300,45,64.7,668,41
2026-10-08 23:35:44,B_cnn1d_L1024 ep1 start,46,71.4,562,31
2026-10-08 23:35:46,B_cnn1d_L1024 ep1 step100,50,156.6,844,50
2026-10-08 23:35:47,B_cnn1d_L1024 ep1 step200,51,163.2,849,50
2026-10-08 23:35:48,B_cnn1d_L1024 ep1 step300,51,164.4,849,51
2026-10-08 23:35:48,B_cnn1d_L1024 ep2 start,51,167.5,697,59
2026-10-08 23:35:49,B_cnn1d_L1024 ep2 step100,51,166.7,843,51
2026-10-08 23:35:50,B_cnn1d_L1024 ep2 step200,52,166.3,843,51
2026-10-08 23:35:52,B_cnn1d_L1024 ep2 step300,52,167.4,843,50
2026-10-08 23:35:52,B_cnn1d_L1024 ep3 start,52,165.6,1035,37
2026-10-08 23:35:53,B_cnn1d_L1024 ep3 step100,53,166.2,1035,52
2026-10-08 23:35:54,B_cnn1d_L1024 ep3 step200,52,165.8,1034,49
2026-10-08 23:35:55,B_cnn1d_L1024 ep3 step300,52,165.4,1034,51
2026-10-08 23:35:55,B_cnn1d_L1024 ep4 start,52,166.2,1034,40
2026-10-08 23:35:56,B_cnn1d_L1024 ep4 step100,52,165.5,1034,45
2026-10-08 23:35:57,B_cnn1d_L1024 ep4 step200,53,167.5,1034,51
2026-10-08 23:35:58,B_cnn1d_L1024 ep4 step300,53,167.6,1034,52
2026-10-08 23:35:58,B_cnn1d_L1024 ep5 start,53,165.4,1034,39
2026-10-08 23:36:00,B_cnn1d_L1024 ep5 step100,52,166.7,1034,52
2026-10-08 23:36:01,B_cnn1d_L1024 ep5 step200,52,167.0,1034,50
2026-10-08 23:36:02,B_cnn1d_L1024 ep5 step300,53,168.2,1034,51
2026-10-08 23:36:02,B_cnn1d_L1024 ep6 start,53,166.6,1034,37
2026-10-08 23:36:03,B_cnn1d_L1024 ep6 step100,52,166.7,1034,52
2026-10-08 23:36:04,B_cnn1d_L1024 ep6 step200,52,167.1,1034,50
2026-10-08 23:36:05,B_cnn1d_L1024 ep6 step300,51,166.7,1034,50
2026-10-08 23:36:05,B_cnn1d_L1024 ep7 start,51,165.2,1034,33
2026-10-08 23:36:06,B_cnn1d_L1024 ep7 step100,52,165.0,1034,50
2026-10-08 23:36:07,B_cnn1d_L1024 ep7 step200,51,166.1,1034,51
2026-10-08 23:36:08,B_cnn1d_L1024 ep7 step300,51,166.4,1034,51
2026-10-08 23:36:09,B_cnn1d_L1024 ep8 start,51,165.6,1034,34
2026-10-08 23:36:10,B_cnn1d_L1024 ep8 step100,52,165.0,1034,49
2026-10-08 23:36:11,B_cnn1d_L1024 ep8 step200,52,165.0,1034,48
2026-10-08 23:36:12,B_cnn1d_L1024 ep8 step300,51,166.5,1034,50
2026-10-08 23:36:12,B_cnn1d_L1024 ep9 start,51,166.1,1034,37
2026-10-08 23:36:13,B_cnn1d_L1024 ep9 step100,52,166.7,1034,51
2026-10-08 23:36:14,B_cnn1d_L1024 ep9 step200,51,167.4,1034,51
2026-10-08 23:36:15,B_cnn1d_L1024 ep9 step300,52,166.5,1034,49
2026-10-08 23:36:15,B_cnn1d_L1024 ep10 start,52,166.2,1034,35
2026-10-08 23:36:16,B_cnn1d_L1024 ep10 step100,51,165.9,1034,52
2026-10-08 23:36:18,B_cnn1d_L1024 ep10 step200,52,166.9,1034,51
2026-10-08 23:36:19,B_cnn1d_L1024 ep10 step300,52,165.2,1034,51
2026-10-08 23:36:19,B_cnn1d_L1024 ep11 start,52,164.2,1034,34
2026-10-08 23:36:20,B_cnn1d_L1024 ep11 step100,52,165.6,1034,51
2026-10-08 23:36:21,B_cnn1d_L1024 ep11 step200,51,167.0,1034,51
2026-10-08 23:36:22,B_cnn1d_L1024 ep11 step300,52,166.4,1034,51
2026-10-08 23:36:22,B_cnn1d_L1024 ep12 start,52,166.2,1034,35
2026-10-08 23:36:23,B_cnn1d_L1024 ep12 step100,51,166.9,1034,51
2026-10-08 23:36:24,B_cnn1d_L1024 ep12 step200,52,166.1,1034,52
2026-10-08 23:36:25,B_cnn1d_L1024 ep12 step300,52,166.5,1034,47
2026-10-08 23:36:26,B_cnn1d_L1024 ep13 start,52,167.1,1034,47
2026-10-08 23:36:27,B_cnn1d_L1024 ep13 step100,51,164.4,1034,52
2026-10-08 23:36:28,B_cnn1d_L1024 ep13 step200,52,167.8,1034,51
2026-10-08 23:36:29,B_cnn1d_L1024 ep13 step300,51,164.9,1034,46
2026-10-08 23:36:29,B_cnn1d_L1024 ep14 start,51,162.7,1034,46
2026-10-08 23:36:30,B_cnn1d_L1024 ep14 step100,52,164.5,1034,51
2026-10-08 23:36:31,B_cnn1d_L1024 ep14 step200,51,164.2,1034,50
2026-10-08 23:36:32,B_cnn1d_L1024 ep14 step300,52,165.0,1034,50
2026-10-08 23:36:32,B_cnn1d_L1024 ep15 start,52,164.6,1034,35
2026-10-08 23:36:34,B_cnn1d_L1024 ep15 step100,52,165.2,1034,50
2026-10-08 23:36:35,B_cnn1d_L1024 ep15 step200,52,164.8,1034,51
2026-10-08 23:36:36,B_cnn1d_L1024 ep15 step300,51,164.9,1034,50
2026-10-08 23:36:36,B_cnn1d_L1024 ep16 start,51,162.7,1034,36
2026-10-08 23:36:37,B_cnn1d_L1024 ep16 step100,52,165.7,1034,52
2026-10-08 23:36:38,B_cnn1d_L1024 ep16 step200,52,165.4,1034,51
2026-10-08 23:36:39,B_cnn1d_L1024 ep16 step300,51,165.4,1034,51
2026-10-08 23:36:39,B_cnn1d_L1024 ep17 start,51,163.8,1034,36
2026-10-08 23:36:40,B_cnn1d_L1024 ep17 step100,51,165.2,1034,50
2026-10-08 23:36:41,B_cnn1d_L1024 ep17 step200,51,165.9,1034,52
2026-10-08 23:36:42,B_cnn1d_L1024 ep17 step300,52,165.6,1034,51
2026-10-08 23:36:43,B_cnn1d_L1024 ep18 start,52,163.6,1034,37
2026-10-08 23:36:44,B_cnn1d_L1024 ep18 step100,52,166.8,1034,50
2026-10-08 23:36:45,B_cnn1d_L1024 ep18 step200,52,165.6,1034,51
2026-10-08 23:36:46,B_cnn1d_L1024 ep18 step300,52,165.4,1034,52
2026-10-08 23:36:46,B_cnn1d_L1024 ep19 start,52,163.9,1034,36
2026-10-08 23:36:47,B_cnn1d_L1024 ep19 step100,52,166.7,1034,51
2026-10-08 23:36:48,B_cnn1d_L1024 ep19 step200,52,167.1,1034,47
2026-10-08 23:36:49,B_cnn1d_L1024 ep19 step300,52,167.2,1034,52
2026-10-08 23:36:49,B_cnn1d_L1024 ep20 start,52,166.8,1034,37
2026-10-08 23:36:50,B_cnn1d_L1024 ep20 step100,52,165.6,1034,52
2026-10-08 23:36:52,B_cnn1d_L1024 ep20 step200,52,165.1,1034,50
2026-10-08 23:36:53,B_cnn1d_L1024 ep20 step300,52,166.0,1034,50
2026-10-08 23:36:53,B_cnn1d_L1024 ep21 start,52,165.3,1034,35
2026-10-08 23:36:54,B_cnn1d_L1024 ep21 step100,51,164.6,1034,51
2026-10-08 23:36:55,B_cnn1d_L1024 ep21 step200,51,164.1,1034,47
2026-10-08 23:36:56,B_cnn1d_L1024 ep21 step300,52,163.4,1034,49
2026-10-08 23:36:56,B_cnn1d_L1024 ep22 start,52,162.5,1034,35
2026-10-08 23:36:57,B_cnn1d_L1024 ep22 step100,51,166.2,1034,51
2026-10-08 23:36:58,B_cnn1d_L1024 ep22 step200,52,166.6,1034,52
2026-10-08 23:36:59,B_cnn1d_L1024 ep22 step300,52,167.9,1034,52
2026-10-08 23:37:00,B_cnn1d_L1024 ep23 start,52,163.2,1034,36
2026-10-08 23:37:01,B_cnn1d_L1024 ep23 step100,52,164.9,1034,51
2026-10-08 23:37:02,B_cnn1d_L1024 ep23 step200,52,165.9,1034,47
2026-10-08 23:37:03,B_cnn1d_L1024 ep23 step300,52,165.8,1034,51
2026-10-08 23:37:03,B_cnn1d_L1024 ep24 start,52,165.5,1034,35
2026-10-08 23:37:04,B_cnn1d_L1024 ep24 step100,52,165.6,1034,51
2026-10-08 23:37:05,B_cnn1d_L1024 ep24 step200,52,164.7,1034,44
2026-10-08 23:37:06,B_cnn1d_L1024 ep24 step300,52,165.9,1034,51
2026-10-08 23:37:06,B_cnn1d_L1024 ep25 start,52,165.9,1034,35
2026-10-08 23:37:07,B_cnn1d_L1024 ep25 step100,53,165.4,1034,52
2026-10-08 23:37:09,B_cnn1d_L1024 ep25 step200,52,167.6,1034,51
2026-10-08 23:37:10,B_cnn1d_L1024 ep25 step300,52,166.7,1034,46
2026-10-08 23:37:10,B_cnn1d_L1024 ep26 start,52,167.7,1034,46
2026-10-08 23:37:11,B_cnn1d_L1024 ep26 step100,52,166.2,1034,52
2026-10-08 23:37:12,B_cnn1d_L1024 ep26 step200,52,166.9,1034,51
2026-10-08 23:37:13,B_cnn1d_L1024 ep26 step300,52,168.5,1034,52
2026-10-08 23:37:13,B_cnn1d_L1024 ep27 start,52,166.0,1034,39
2026-10-08 23:37:14,B_cnn1d_L1024 ep27 step100,52,163.8,1034,51
2026-10-08 23:37:15,B_cnn1d_L1024 ep27 step200,52,163.7,1034,50
2026-10-08 23:37:16,B_cnn1d_L1024 ep27 step300,52,163.6,1034,47
2026-10-08 23:37:17,B_cnn1d_L1024 ep28 start,52,161.4,1034,30
2026-10-08 23:37:18,B_cnn1d_L1024 ep28 step100,51,163.7,1034,50
2026-10-08 23:37:19,B_cnn1d_L1024 ep28 step200,50,139.9,1031,0
2026-10-08 23:37:21,B_cnn1d_L1024 ep28 step300,52,163.6,1031,51
2026-10-08 23:37:21,B_cnn1d_L1024 ep29 start,51,132.8,1031,8
2026-10-08 23:37:22,B_cnn1d_L1024 ep29 step100,52,164.1,1031,45
2026-10-08 23:37:23,B_cnn1d_L1024 ep29 step200,50,163.8,1031,52
2026-10-08 23:37:24,B_cnn1d_L1024 ep29 step300,52,161.4,1031,50
2026-10-08 23:37:24,B_cnn1d_L1024 ep30 start,52,166.1,1031,37
2026-10-08 23:37:25,B_cnn1d_L1024 ep30 step100,52,164.0,1031,51
2026-10-08 23:37:27,B_cnn1d_L1024 ep30 step200,52,163.8,1031,47
2026-10-08 23:37:28,B_cnn1d_L1024 ep30 step300,52,163.9,1031,52
2026-10-08 23:37:28,B_cnn1d_L1024 ep31 start,52,162.3,1031,35
2026-10-08 23:37:29,B_cnn1d_L1024 ep31 step100,52,163.7,1031,50
2026-10-08 23:37:30,B_cnn1d_L1024 ep31 step200,52,164.3,1031,50
2026-10-08 23:37:31,B_cnn1d_L1024 ep31 step300,52,165.3,1031,52
2026-10-08 23:37:31,B_cnn1d_L1024 ep32 start,52,164.7,1031,39
2026-10-08 23:37:32,B_cnn1d_L1024 ep32 step100,52,164.0,1031,48
2026-10-08 23:37:34,B_cnn1d_L1024 ep32 step200,52,160.3,1041,46
2026-10-08 23:37:35,B_cnn1d_L1024 ep32 step300,52,158.0,1044,45
2026-10-08 23:37:35,B_cnn1d_L1024 ep33 start,52,155.7,1044,34
2026-10-08 23:37:36,B_cnn1d_L1024 ep33 step100,52,151.6,1044,37
2026-10-08 23:37:38,B_cnn1d_L1024 ep33 step200,51,157.2,1044,46
2026-10-08 23:37:40,B_cnn1d_L1024 ep33 step300,49,90.0,1054,0
2026-10-08 23:37:40,B_cnn1d_L1024 ep34 start,49,99.3,1054,12
2026-10-08 23:37:41,B_cnn1d_L1024 ep34 step100,51,159.8,1059,42
2026-10-08 23:37:42,B_cnn1d_L1024 ep34 step200,51,160.3,1059,47
2026-10-08 23:37:44,B_cnn1d_L1024 ep34 step300,52,158.6,1059,46
2026-10-08 23:37:44,B_cnn1d_L1024 ep35 start,52,158.0,1059,35
2026-10-08 23:37:45,B_cnn1d_L1024 ep35 step100,52,161.7,1059,47
2026-10-08 23:37:46,B_cnn1d_L1024 ep35 step200,52,161.2,1065,48
2026-10-08 23:37:47,B_cnn1d_L1024 ep35 step300,52,163.7,1065,50
2026-10-08 23:37:47,B_cnn1d_L1024 ep36 start,52,160.1,1065,36
2026-10-08 23:37:49,B_cnn1d_L1024 ep36 step100,52,163.2,1065,50
2026-10-08 23:37:50,B_cnn1d_L1024 ep36 step200,52,161.8,1065,48
2026-10-08 23:37:51,B_cnn1d_L1024 ep36 step300,52,162.3,1124,50
2026-10-08 23:37:51,B_cnn1d_L1024 ep37 start,52,146.0,1135,24
2026-10-08 23:37:52,B_cnn1d_L1024 ep37 step100,52,163.6,1159,47
2026-10-08 23:37:53,B_cnn1d_L1024 ep37 step200,52,165.1,1159,50
2026-10-08 23:37:55,B_cnn1d_L1024 ep37 step300,53,164.7,1159,51
2026-10-08 23:37:55,B_cnn1d_L1024 ep38 start,53,165.3,1159,40
2026-10-08 23:37:56,B_cnn1d_L1024 ep38 step100,52,164.9,1159,51
2026-10-08 23:37:57,B_cnn1d_L1024 ep38 step200,52,164.3,1159,51
2026-10-08 23:37:58,B_cnn1d_L1024 ep38 step300,52,165.5,1159,51
2026-10-08 23:37:58,B_cnn1d_L1024 ep39 start,52,164.4,1159,39
2026-10-08 23:37:59,B_cnn1d_L1024 ep39 step100,52,166.2,1159,50
2026-10-08 23:38:00,B_cnn1d_L1024 ep39 step200,53,163.8,1159,51
2026-10-08 23:38:01,B_cnn1d_L1024 ep39 step300,52,163.8,1159,50
2026-10-08 23:38:02,B_cnn1d_L1024 ep40 start,52,160.9,1159,30
2026-10-08 23:38:03,B_cnn1d_L1024 ep40 step100,52,163.8,1159,50
2026-10-08 23:38:04,B_cnn1d_L1024 ep40 step200,52,163.8,1159,44
2026-10-08 23:38:05,B_cnn1d_L1024 ep40 step300,52,163.8,1159,51
2026-10-08 23:38:05,B_cnn1d_L1024 ep41 start,52,164.5,1159,37
2026-10-08 23:38:06,B_cnn1d_L1024 ep41 step100,52,163.9,1159,49
2026-10-08 23:38:07,B_cnn1d_L1024 ep41 step200,52,165.5,1159,51
2026-10-08 23:38:08,B_cnn1d_L1024 ep41 step300,52,166.2,1159,50
2026-10-08 23:38:08,B_cnn1d_L1024 ep42 start,52,163.6,1159,36
2026-10-08 23:38:10,B_cnn1d_L1024 ep42 step100,52,165.8,1159,51
2026-10-08 23:38:11,B_cnn1d_L1024 ep42 step200,52,167.0,1159,51
2026-10-08 23:38:12,B_cnn1d_L1024 ep42 step300,52,164.2,1159,51
2026-10-08 23:38:12,B_cnn1d_L1024 ep43 start,52,166.1,1159,37
2026-10-08 23:38:13,B_cnn1d_L1024 ep43 step100,52,165.8,1159,52
2026-10-08 23:38:14,B_cnn1d_L1024 ep43 step200,52,165.9,1159,48
2026-10-08 23:38:15,B_cnn1d_L1024 ep43 step300,52,166.4,1159,51
2026-10-08 23:38:15,B_cnn1d_L1024 ep44 start,52,165.6,1159,34
2026-10-08 23:38:16,B_cnn1d_L1024 ep44 step100,52,166.2,1159,50
2026-10-08 23:38:17,B_cnn1d_L1024 ep44 step200,53,165.6,1159,45
2026-10-08 23:38:18,B_cnn1d_L1024 ep44 step300,52,166.5,1159,49
2026-10-08 23:38:19,B_cnn1d_L1024 ep45 start,52,165.3,1159,35
2026-10-08 23:38:20,B_cnn1d_L1024 ep45 step100,53,166.7,1159,52
2026-10-08 23:38:21,B_cnn1d_L1024 ep45 step200,52,167.3,1159,51
2026-10-08 23:38:22,B_cnn1d_L1024 ep45 step300,53,166.4,1159,52
2026-10-08 23:38:22,B_cnn1d_L1024 ep46 start,53,166.3,1159,35
2026-10-08 23:38:23,B_cnn1d_L1024 ep46 step100,53,164.0,1159,51
2026-10-08 23:38:24,B_cnn1d_L1024 ep46 step200,53,165.9,1159,51
2026-10-08 23:38:25,B_cnn1d_L1024 ep46 step300,53,165.5,1159,49
2026-10-08 23:38:25,B_cnn1d_L1024 ep47 start,53,165.1,1159,35
2026-10-08 23:38:27,B_cnn1d_L1024 ep47 step100,51,161.0,1159,24
2026-10-08 23:38:28,B_cnn1d_L1024 ep47 step200,53,163.9,1159,51
2026-10-08 23:38:29,B_cnn1d_L1024 ep47 step300,53,164.2,1159,50
2026-10-08 23:38:29,B_cnn1d_L1024 ep48 start,53,165.6,1159,45
2026-10-08 23:38:30,B_cnn1d_L1024 ep48 step100,53,165.8,1159,52
2026-10-08 23:38:31,B_cnn1d_L1024 ep48 step200,53,166.2,1159,51
2026-10-08 23:38:32,B_cnn1d_L1024 ep48 step300,53,166.7,1159,51
2026-10-08 23:38:32,B_cnn1d_L1024 ep49 start,53,166.9,1159,40
2026-10-08 23:38:33,B_cnn1d_L1024 ep49 step100,53,165.9,1159,48
2026-10-08 23:38:34,B_cnn1d_L1024 ep49 step200,53,167.2,1159,51
2026-10-08 23:38:35,B_cnn1d_L1024 ep49 step300,53,166.5,1159,50
2026-10-08 23:38:36,B_cnn1d_L1024 ep50 start,53,165.8,1159,38
2026-10-08 23:38:37,B_cnn1d_L1024 ep50 step100,53,164.9,1159,51
2026-10-08 23:38:38,B_cnn1d_L1024 ep50 step200,53,166.7,1159,52
2026-10-08 23:38:39,B_cnn1d_L1024 ep50 step300,53,167.6,1159,50
2026-10-08 23:38:39,B_cnn1d_L1024 ep51 start,53,164.9,1159,39
2026-10-08 23:38:40,B_cnn1d_L1024 ep51 step100,53,165.4,1159,51
2026-10-08 23:38:41,B_cnn1d_L1024 ep51 step200,52,166.9,1159,50
2026-10-08 23:38:42,B_cnn1d_L1024 ep51 step300,53,165.1,1159,51
2026-10-08 23:38:42,B_cnn1d_L1024 ep52 start,53,166.3,1159,36
2026-10-08 23:38:43,B_cnn1d_L1024 ep52 step100,53,167.3,1159,52
2026-10-08 23:38:45,B_cnn1d_L1024 ep52 step200,53,168.6,1159,52
2026-10-08 23:38:46,B_cnn1d_L1024 ep52 step300,53,167.3,1159,52
2026-10-08 23:38:46,B_cnn1d_L1024 ep53 start,53,166.6,1159,35
2026-10-08 23:38:47,B_cnn1d_L1024 ep53 step100,53,164.5,1159,51
2026-10-08 23:38:48,B_cnn1d_L1024 ep53 step200,54,164.8,1159,51
2026-10-08 23:38:49,B_cnn1d_L1024 ep53 step300,53,165.9,1159,50
2026-10-08 23:38:49,B_cnn1d_L1024 ep54 start,53,164.7,1159,35
2026-10-08 23:38:50,B_cnn1d_L1024 ep54 step100,53,164.0,1159,50
2026-10-08 23:38:51,B_cnn1d_L1024 ep54 step200,53,163.3,1159,50
2026-10-08 23:38:52,B_cnn1d_L1024 ep54 step300,53,164.8,1161,50
2026-10-08 23:38:53,B_cnn1d_L1024 ep55 start,53,165.4,1161,40
2026-10-08 23:38:54,B_cnn1d_L1024 ep55 step100,53,166.3,1161,49
2026-10-08 23:38:55,B_cnn1d_L1024 ep55 step200,53,164.4,1161,51
2026-10-08 23:38:56,B_cnn1d_L1024 ep55 step300,53,165.9,1161,51
2026-10-08 23:38:56,B_cnn1d_L1024 ep56 start,53,165.9,1161,38
2026-10-08 23:38:57,B_cnn1d_L1024 ep56 step100,53,166.0,1161,49
2026-10-08 23:38:58,B_cnn1d_L1024 ep56 step200,53,164.6,1161,50
2026-10-08 23:38:59,B_cnn1d_L1024 ep56 step300,53,167.4,1161,51
2026-10-08 23:38:59,B_cnn1d_L1024 ep57 start,53,166.4,1161,39
2026-10-08 23:39:01,B_cnn1d_L1024 ep57 step100,53,165.4,1161,50
2026-10-08 23:39:02,B_cnn1d_L1024 ep57 step200,53,165.2,1161,51
2026-10-08 23:39:03,B_cnn1d_L1024 ep57 step300,53,166.0,1161,50
2026-10-08 23:39:03,B_cnn1d_L1024 ep58 start,53,165.2,1161,42
2026-10-08 23:39:04,B_cnn1d_L1024 ep58 step100,54,166.7,1161,51
2026-10-08 23:39:05,B_cnn1d_L1024 ep58 step200,53,166.2,1161,51
2026-10-08 23:39:06,B_cnn1d_L1024 ep58 step300,53,166.0,1161,50
2026-10-08 23:39:06,B_cnn1d_L1024 ep59 start,53,165.4,1157,41
2026-10-08 23:39:07,B_cnn1d_L1024 ep59 step100,53,166.0,1157,50
2026-10-08 23:39:08,B_cnn1d_L1024 ep59 step200,53,168.3,1157,52
2026-10-08 23:39:09,B_cnn1d_L1024 ep59 step300,53,167.0,1157,51
2026-10-08 23:39:10,B_cnn1d_L1024 ep60 start,53,165.2,1157,38
2026-10-08 23:39:11,B_cnn1d_L1024 ep60 step100,53,165.7,1157,50
2026-10-08 23:39:12,B_cnn1d_L1024 ep60 step200,53,165.8,1157,50
2026-10-08 23:39:13,B_cnn1d_L1024 ep60 step300,53,164.8,1157,48
2026-10-08 23:39:14,C_rescnn1d_L256 ep1 start,52,154.0,695,45
2026-10-08 23:39:16,C_rescnn1d_L256 ep1 step100,54,187.4,949,63
2026-10-08 23:39:18,C_rescnn1d_L256 ep1 step200,54,189.5,949,63
2026-10-08 23:39:19,C_rescnn1d_L256 ep1 step300,55,189.4,949,63
2026-10-08 23:39:20,C_rescnn1d_L256 ep2 start,53,180.4,757,71
2026-10-08 23:39:21,C_rescnn1d_L256 ep2 step100,54,192.7,923,63
2026-10-08 23:39:23,C_rescnn1d_L256 ep2 step200,54,193.1,923,60
2026-10-08 23:39:24,C_rescnn1d_L256 ep2 step300,55,190.2,923,63
2026-10-08 23:39:25,C_rescnn1d_L256 ep3 start,55,190.8,1087,59
2026-10-08 23:39:26,C_rescnn1d_L256 ep3 step100,55,190.8,1087,64
2026-10-08 23:39:28,C_rescnn1d_L256 ep3 step200,55,194.2,1087,64
2026-10-08 23:39:29,C_rescnn1d_L256 ep3 step300,54,191.6,1087,57
2026-10-08 23:39:30,C_rescnn1d_L256 ep4 start,54,191.8,1087,57
2026-10-08 23:39:31,C_rescnn1d_L256 ep4 step100,53,180.9,1087,51
2026-10-08 23:39:33,C_rescnn1d_L256 ep4 step200,55,188.8,1087,59
2026-10-08 23:39:35,C_rescnn1d_L256 ep4 step300,55,188.1,1087,58
2026-10-08 23:39:35,C_rescnn1d_L256 ep5 start,55,188.8,1087,57
2026-10-08 23:39:36,C_rescnn1d_L256 ep5 step100,55,183.4,1097,61
2026-10-08 23:39:38,C_rescnn1d_L256 ep5 step200,55,187.8,1097,61
2026-10-08 23:39:40,C_rescnn1d_L256 ep5 step300,55,185.4,1097,48
2026-10-08 23:39:40,C_rescnn1d_L256 ep6 start,55,186.5,1097,57
2026-10-08 23:39:42,C_rescnn1d_L256 ep6 step100,55,187.5,1097,59
2026-10-08 23:39:43,C_rescnn1d_L256 ep6 step200,55,187.4,1097,60
2026-10-08 23:39:45,C_rescnn1d_L256 ep6 step300,55,188.7,1097,60
2026-10-08 23:39:45,C_rescnn1d_L256 ep7 start,55,189.4,1097,58
2026-10-08 23:39:47,C_rescnn1d_L256 ep7 step100,56,190.8,1097,62
2026-10-08 23:39:48,C_rescnn1d_L256 ep7 step200,55,189.5,1097,63
2026-10-08 23:39:50,C_rescnn1d_L256 ep7 step300,56,195.2,1097,65
2026-10-08 23:39:50,C_rescnn1d_L256 ep8 start,56,196.6,1097,60
2026-10-08 23:39:51,C_rescnn1d_L256 ep8 step100,56,195.4,1097,66
2026-10-08 23:39:53,C_rescnn1d_L256 ep8 step200,55,194.5,1097,64
2026-10-08 23:39:55,C_rescnn1d_L256 ep8 step300,56,194.8,1097,64
2026-10-08 23:39:55,C_rescnn1d_L256 ep9 start,56,189.9,1097,62
2026-10-08 23:39:56,C_rescnn1d_L256 ep9 step100,56,195.3,1097,64
2026-10-08 23:39:58,C_rescnn1d_L256 ep9 step200,56,195.9,1097,64
2026-10-08 23:39:59,C_rescnn1d_L256 ep9 step300,55,196.5,1097,65
2026-10-08 23:40:00,C_rescnn1d_L256 ep10 start,55,192.7,1097,62
2026-10-08 23:40:01,C_rescnn1d_L256 ep10 step100,55,195.7,1097,63
2026-10-08 23:40:03,C_rescnn1d_L256 ep10 step200,56,196.7,1097,65
2026-10-08 23:40:04,C_rescnn1d_L256 ep10 step300,55,190.1,1097,61
2026-10-08 23:40:04,C_rescnn1d_L256 ep11 start,55,192.2,1097,53
2026-10-08 23:40:06,C_rescnn1d_L256 ep11 step100,55,191.0,1097,62
2026-10-08 23:40:08,C_rescnn1d_L256 ep11 step200,56,187.8,1097,61
2026-10-08 23:40:09,C_rescnn1d_L256 ep11 step300,55,189.2,1097,57
2026-10-08 23:40:10,C_rescnn1d_L256 ep12 start,55,190.3,1097,57
2026-10-08 23:40:11,C_rescnn1d_L256 ep12 step100,56,192.2,1097,64
2026-10-08 23:40:13,C_rescnn1d_L256 ep12 step200,56,193.0,1097,62
2026-10-08 23:40:14,C_rescnn1d_L256 ep12 step300,56,190.0,1097,63
2026-10-08 23:40:14,C_rescnn1d_L256 ep13 start,56,191.0,1097,52
2026-10-08 23:40:16,C_rescnn1d_L256 ep13 step100,56,193.0,1097,63
2026-10-08 23:40:18,C_rescnn1d_L256 ep13 step200,56,193.5,1097,65
2026-10-08 23:40:19,C_rescnn1d_L256 ep13 step300,56,191.5,1097,62
2026-10-08 23:40:19,C_rescnn1d_L256 ep14 start,56,192.7,1097,60
2026-10-08 23:40:21,C_rescnn1d_L256 ep14 step100,56,192.8,1097,64
2026-10-08 23:40:23,C_rescnn1d_L256 ep14 step200,55,194.4,1097,65
2026-10-08 23:40:24,C_rescnn1d_L256 ep14 step300,56,193.5,1097,63
2026-10-08 23:40:24,C_rescnn1d_L256 ep15 start,56,195.5,1097,60
2026-10-08 23:40:26,C_rescnn1d_L256 ep15 step100,56,196.2,1097,65
2026-10-08 23:40:27,C_rescnn1d_L256 ep15 step200,57,195.3,1097,63
2026-10-08 23:40:29,C_rescnn1d_L256 ep15 step300,56,195.7,1097,63
2026-10-08 23:40:29,C_rescnn1d_L256 ep16 start,56,198.1,1097,66
2026-10-08 23:40:31,C_rescnn1d_L256 ep16 step100,57,193.4,1097,53
2026-10-08 23:40:32,C_rescnn1d_L256 ep16 step200,57,190.0,1097,59
2026-10-08 23:40:34,C_rescnn1d_L256 ep16 step300,55,190.3,1097,60
2026-10-08 23:40:34,C_rescnn1d_L256 ep17 start,55,189.5,1097,52
2026-10-08 23:40:36,C_rescnn1d_L256 ep17 step100,56,190.8,1097,62
2026-10-08 23:40:37,C_rescnn1d_L256 ep17 step200,57,188.9,1097,61
2026-10-08 23:40:39,C_rescnn1d_L256 ep17 step300,56,190.8,1097,60
2026-10-08 23:40:39,C_rescnn1d_L256 ep18 start,56,193.4,1097,51
2026-10-08 23:40:41,C_rescnn1d_L256 ep18 step100,56,192.0,1097,63
2026-10-08 23:40:42,C_rescnn1d_L256 ep18 step200,56,191.8,1097,62
2026-10-08 23:40:44,C_rescnn1d_L256 ep18 step300,56,190.4,1097,62
2026-10-08 23:40:44,C_rescnn1d_L256 ep19 start,56,188.2,1097,55
2026-10-08 23:40:46,C_rescnn1d_L256 ep19 step100,57,192.3,1097,62
2026-10-08 23:40:47,C_rescnn1d_L256 ep19 step200,56,190.7,1097,61
2026-10-08 23:40:49,C_rescnn1d_L256 ep19 step300,56,191.9,1097,62
2026-10-08 23:40:49,C_rescnn1d_L256 ep20 start,56,193.4,1097,50
2026-10-08 23:40:51,C_rescnn1d_L256 ep20 step100,56,191.5,1097,63
2026-10-08 23:40:52,C_rescnn1d_L256 ep20 step200,57,194.1,1097,63
2026-10-08 23:40:54,C_rescnn1d_L256 ep20 step300,57,196.5,1097,64
2026-10-08 23:40:54,C_rescnn1d_L256 ep21 start,57,192.9,1097,60
2026-10-08 23:40:56,C_rescnn1d_L256 ep21 step100,57,196.4,1097,66
2026-10-08 23:40:57,C_rescnn1d_L256 ep21 step200,57,192.1,1097,64
2026-10-08 23:40:59,C_rescnn1d_L256 ep21 step300,57,196.2,1097,64
2026-10-08 23:40:59,C_rescnn1d_L256 ep22 start,57,195.9,1097,59
2026-10-08 23:41:01,C_rescnn1d_L256 ep22 step100,56,194.8,1097,64
2026-10-08 23:41:02,C_rescnn1d_L256 ep22 step200,56,189.1,1097,62
2026-10-08 23:41:04,C_rescnn1d_L256 ep22 step300,57,189.5,1097,61
2026-10-08 23:41:04,C_rescnn1d_L256 ep23 start,57,190.7,1097,62
2026-10-08 23:41:06,C_rescnn1d_L256 ep23 step100,56,190.6,1097,58
2026-10-08 23:41:07,C_rescnn1d_L256 ep23 step200,57,189.3,1097,60
2026-10-08 23:41:09,C_rescnn1d_L256 ep23 step300,57,189.6,1098,62
2026-10-08 23:41:09,C_rescnn1d_L256 ep24 start,57,193.3,1098,57
2026-10-08 23:41:11,C_rescnn1d_L256 ep24 step100,56,192.4,1098,58
2026-10-08 23:41:12,C_rescnn1d_L256 ep24 step200,56,190.7,1098,58
2026-10-08 23:41:14,C_rescnn1d_L256 ep24 step300,57,190.8,1098,64
2026-10-08 23:41:14,C_rescnn1d_L256 ep25 start,57,193.8,1098,61
2026-10-08 23:41:16,C_rescnn1d_L256 ep25 step100,56,194.5,1098,64
2026-10-08 23:41:17,C_rescnn1d_L256 ep25 step200,56,191.7,1098,55
2026-10-08 23:41:19,C_rescnn1d_L256 ep25 step300,57,185.3,1098,63
2026-10-08 23:41:19,C_rescnn1d_L256 ep26 start,57,189.8,1098,61
2026-10-08 23:41:21,C_rescnn1d_L256 ep26 step100,57,193.1,1098,61
2026-10-08 23:41:22,C_rescnn1d_L256 ep26 step200,57,196.8,1098,61
2026-10-08 23:41:24,C_rescnn1d_L256 ep26 step300,57,197.0,1098,66
2026-10-08 23:41:24,C_rescnn1d_L256 ep27 start,57,197.6,1098,58
2026-10-08 23:41:26,C_rescnn1d_L256 ep27 step100,57,197.7,1098,65
2026-10-08 23:41:27,C_rescnn1d_L256 ep27 step200,56,195.9,1098,65
2026-10-08 23:41:29,C_rescnn1d_L256 ep27 step300,57,191.3,1098,56
2026-10-08 23:41:29,C_rescnn1d_L256 ep28 start,57,191.8,1098,57
2026-10-08 23:41:31,C_rescnn1d_L256 ep28 step100,57,191.3,1098,61
2026-10-08 23:41:32,C_rescnn1d_L256 ep28 step200,56,190.3,1098,61
2026-10-08 23:41:34,C_rescnn1d_L256 ep28 step300,56,188.6,1098,61
2026-10-08 23:41:34,C_rescnn1d_L256 ep29 start,56,189.8,1098,55
2026-10-08 23:41:36,C_rescnn1d_L256 ep29 step100,57,192.5,1098,63
2026-10-08 23:41:37,C_rescnn1d_L256 ep29 step200,57,193.7,1098,62
2026-10-08 23:41:39,C_rescnn1d_L256 ep29 step300,56,193.6,1098,62
2026-10-08 23:41:39,C_rescnn1d_L256 ep30 start,56,195.8,1098,62
2026-10-08 23:41:41,C_rescnn1d_L256 ep30 step100,56,194.1,1098,64
2026-10-08 23:41:42,C_rescnn1d_L256 ep30 step200,57,191.5,1098,60
2026-10-08 23:41:44,C_rescnn1d_L256 ep30 step300,57,190.6,1098,62
2026-10-08 23:41:44,C_rescnn1d_L256 ep31 start,57,188.9,1098,62
2026-10-08 23:41:46,C_rescnn1d_L256 ep31 step100,58,189.9,1098,60
2026-10-08 23:41:47,C_rescnn1d_L256 ep31 step200,56,190.0,1098,61
2026-10-08 23:41:49,C_rescnn1d_L256 ep31 step300,56,191.2,1098,62
2026-10-08 23:41:49,C_rescnn1d_L256 ep32 start,56,193.7,1098,51
2026-10-08 23:41:51,C_rescnn1d_L256 ep32 step100,56,193.4,1098,61
2026-10-08 23:41:52,C_rescnn1d_L256 ep32 step200,57,192.8,1098,61
2026-10-08 23:41:54,C_rescnn1d_L256 ep32 step300,57,193.7,1098,63
2026-10-08 23:41:54,C_rescnn1d_L256 ep33 start,57,194.2,1098,58
2026-10-08 23:41:56,C_rescnn1d_L256 ep33 step100,57,194.4,1098,62
2026-10-08 23:41:57,C_rescnn1d_L256 ep33 step200,57,194.6,1098,61
2026-10-08 23:41:59,C_rescnn1d_L256 ep33 step300,58,193.7,1098,63
2026-10-08 23:41:59,C_rescnn1d_L256 ep34 start,58,197.3,1098,66
2026-10-08 23:42:01,C_rescnn1d_L256 ep34 step100,56,193.0,1098,63
2026-10-08 23:42:02,C_rescnn1d_L256 ep34 step200,57,192.1,1098,63
2026-10-08 23:42:04,C_rescnn1d_L256 ep34 step300,57,193.5,1098,65
2026-10-08 23:42:04,C_rescnn1d_L256 ep35 start,57,195.6,1098,62
2026-10-08 23:42:05,C_rescnn1d_L256 ep35 step100,57,195.9,1098,61
2026-10-08 23:42:07,C_rescnn1d_L256 ep35 step200,57,195.6,1098,64
2026-10-08 23:42:09,C_rescnn1d_L256 ep35 step300,57,196.1,1098,63
2026-10-08 23:42:09,C_rescnn1d_L256 ep36 start,57,196.2,1098,55
2026-10-08 23:42:10,C_rescnn1d_L256 ep36 step100,57,196.2,1098,64
2026-10-08 23:42:12,C_rescnn1d_L256 ep36 step200,57,195.8,1098,62
2026-10-08 23:42:13,C_rescnn1d_L256 ep36 step300,57,196.3,1098,63
2026-10-08 23:42:14,C_rescnn1d_L256 ep37 start,57,197.0,1098,50
2026-10-08 23:42:15,C_rescnn1d_L256 ep37 step100,57,195.2,1098,64
2026-10-08 23:42:17,C_rescnn1d_L256 ep37 step200,57,194.9,1098,64
2026-10-08 23:42:18,C_rescnn1d_L256 ep37 step300,57,194.9,1098,65
2026-10-08 23:42:19,C_rescnn1d_L256 ep38 start,57,196.4,1098,59
2026-10-08 23:42:20,C_rescnn1d_L256 ep38 step100,57,193.0,1098,64
2026-10-08 23:42:22,C_rescnn1d_L256 ep38 step200,57,197.3,1098,65
2026-10-08 23:42:23,C_rescnn1d_L256 ep38 step300,57,195.8,1098,63
2026-10-08 23:42:23,C_rescnn1d_L256 ep39 start,57,196.4,1098,61
2026-10-08 23:42:25,C_rescnn1d_L256 ep39 step100,57,192.1,1098,62
2026-10-08 23:42:27,C_rescnn1d_L256 ep39 step200,57,189.3,1098,60
2026-10-08 23:42:28,C_rescnn1d_L256 ep39 step300,57,191.4,1098,60
2026-10-08 23:42:28,C_rescnn1d_L256 ep40 start,57,192.0,1098,56
2026-10-08 23:42:30,C_rescnn1d_L256 ep40 step100,57,192.4,1098,61
2026-10-08 23:42:32,C_rescnn1d_L256 ep40 step200,57,192.5,1098,60
2026-10-08 23:42:33,C_rescnn1d_L256 ep40 step300,57,194.9,1098,64
2026-10-08 23:42:33,C_rescnn1d_L256 ep41 start,57,195.9,1098,59
2026-10-08 23:42:35,C_rescnn1d_L256 ep41 step100,57,194.3,1098,65
2026-10-08 23:42:37,C_rescnn1d_L256 ep41 step200,57,191.5,1098,63
2026-10-08 23:42:38,C_rescnn1d_L256 ep41 step300,58,193.2,1098,63
2026-10-08 23:42:38,C_rescnn1d_L256 ep42 start,58,190.8,1098,61
2026-10-08 23:42:40,C_rescnn1d_L256 ep42 step100,57,195.3,1098,65
2026-10-08 23:42:41,C_rescnn1d_L256 ep42 step200,58,197.0,1098,65
2026-10-08 23:42:43,C_rescnn1d_L256 ep42 step300,57,196.2,1098,64
2026-10-08 23:42:43,C_rescnn1d_L256 ep43 start,57,196.8,1098,55
2026-10-08 23:42:45,C_rescnn1d_L256 ep43 step100,57,193.3,1098,62
2026-10-08 23:42:46,C_rescnn1d_L256 ep43 step200,57,192.4,1098,61
2026-10-08 23:42:48,C_rescnn1d_L256 ep43 step300,58,191.3,1098,63
2026-10-08 23:42:48,C_rescnn1d_L256 ep44 start,58,192.3,1098,60
2026-10-08 23:42:50,C_rescnn1d_L256 ep44 step100,58,194.1,1098,63
2026-10-08 23:42:51,C_rescnn1d_L256 ep44 step200,57,194.3,1098,64
2026-10-08 23:42:53,C_rescnn1d_L256 ep44 step300,57,192.7,1098,63
2026-10-08 23:42:53,C_rescnn1d_L256 ep45 start,57,194.4,1098,60
2026-10-08 23:42:55,C_rescnn1d_L256 ep45 step100,57,189.5,1098,62
2026-10-08 23:42:56,C_rescnn1d_L256 ep45 step200,57,190.2,1098,61
2026-10-08 23:42:58,C_rescnn1d_L256 ep45 step300,57,190.8,1098,62
2026-10-08 23:42:58,C_rescnn1d_L256 ep46 start,57,192.1,1098,49
2026-10-08 23:43:00,C_rescnn1d_L256 ep46 step100,58,190.6,1098,58
2026-10-08 23:43:01,C_rescnn1d_L256 ep46 step200,57,196.6,1098,63
2026-10-08 23:43:03,C_rescnn1d_L256 ep46 step300,58,193.9,1098,64
2026-10-08 23:43:03,C_rescnn1d_L256 ep47 start,58,194.5,1098,62
2026-10-08 23:43:05,C_rescnn1d_L256 ep47 step100,58,196.6,1098,64
2026-10-08 23:43:06,C_rescnn1d_L256 ep47 step200,57,195.7,1098,63
2026-10-08 23:43:08,C_rescnn1d_L256 ep47 step300,58,195.9,1098,61
2026-10-08 23:43:08,C_rescnn1d_L256 ep48 start,58,198.6,1098,56
2026-10-08 23:43:10,C_rescnn1d_L256 ep48 step100,57,196.1,1098,63
2026-10-08 23:43:11,C_rescnn1d_L256 ep48 step200,58,197.3,1098,65
2026-10-08 23:43:13,C_rescnn1d_L256 ep48 step300,57,194.6,1098,63
2026-10-08 23:43:13,C_rescnn1d_L256 ep49 start,57,196.2,1098,60
2026-10-08 23:43:14,C_rescnn1d_L256 ep49 step100,57,194.0,1098,65
2026-10-08 23:43:16,C_rescnn1d_L256 ep49 step200,58,195.7,1098,64
2026-10-08 23:43:18,C_rescnn1d_L256 ep49 step300,57,193.8,1098,65
2026-10-08 23:43:18,C_rescnn1d_L256 ep50 start,57,193.9,1098,57
2026-10-08 23:43:19,C_rescnn1d_L256 ep50 step100,57,191.9,1098,63
2026-10-08 23:43:21,C_rescnn1d_L256 ep50 step200,57,195.4,1098,61
2026-10-08 23:43:23,C_rescnn1d_L256 ep50 step300,57,193.3,1098,63
2026-10-08 23:43:23,C_rescnn1d_L256 ep51 start,57,195.6,1098,62
2026-10-08 23:43:24,C_rescnn1d_L256 ep51 step100,57,190.4,1098,60
2026-10-08 23:43:26,C_rescnn1d_L256 ep51 step200,57,191.8,1098,62
2026-10-08 23:43:28,C_rescnn1d_L256 ep51 step300,57,191.5,1098,62
2026-10-08 23:43:28,C_rescnn1d_L256 ep52 start,57,192.7,1098,50
2026-10-08 23:43:29,C_rescnn1d_L256 ep52 step100,58,194.1,1098,65
2026-10-08 23:43:31,C_rescnn1d_L256 ep52 step200,58,193.6,1098,64
2026-10-08 23:43:33,C_rescnn1d_L256 ep52 step300,57,194.9,1098,63
2026-10-08 23:43:33,C_rescnn1d_L256 ep53 start,57,196.7,1098,64
2026-10-08 23:43:34,C_rescnn1d_L256 ep53 step100,57,194.5,1098,63
2026-10-08 23:43:36,C_rescnn1d_L256 ep53 step200,57,192.3,1098,61
2026-10-08 23:43:37,C_rescnn1d_L256 ep53 step300,58,193.4,1098,65
2026-10-08 23:43:38,C_rescnn1d_L256 ep54 start,58,196.5,1098,61
2026-10-08 23:43:39,C_rescnn1d_L256 ep54 step100,58,195.9,1098,59
2026-10-08 23:43:41,C_rescnn1d_L256 ep54 step200,58,197.5,1098,65
2026-10-08 23:43:42,C_rescnn1d_L256 ep54 step300,58,196.9,1098,64
2026-10-08 23:43:43,C_rescnn1d_L256 ep55 start,58,197.5,1098,60
2026-10-08 23:43:44,C_rescnn1d_L256 ep55 step100,58,199.2,1098,65
2026-10-08 23:43:46,C_rescnn1d_L256 ep55 step200,58,196.3,1098,67
2026-10-08 23:43:47,C_rescnn1d_L256 ep55 step300,58,197.7,1098,62
2026-10-08 23:43:48,D_spec2d_L1024 ep1 start,57,207.4,714,68
2026-10-08 23:43:51,D_spec2d_L1024 ep1 step100,58,202.1,1237,65
2026-10-08 23:43:52,D_spec2d_L1024 ep1 step200,58,204.1,1246,65
2026-10-08 23:43:54,D_spec2d_L1024 ep1 step300,58,204.6,1246,71
2026-10-08 23:43:55,D_spec2d_L1024 ep2 start,59,198.6,840,73
2026-10-08 23:43:56,D_spec2d_L1024 ep2 step100,58,205.9,1306,69
2026-10-08 23:43:58,D_spec2d_L1024 ep2 step200,58,206.2,1306,70
2026-10-08 23:43:59,D_spec2d_L1024 ep2 step300,58,206.0,1306,69
2026-10-08 23:44:00,D_spec2d_L1024 ep3 start,58,200.3,1826,50
2026-10-08 23:44:01,D_spec2d_L1024 ep3 step100,59,206.7,1826,71
2026-10-08 23:44:03,D_spec2d_L1024 ep3 step200,58,206.2,1826,70
2026-10-08 23:44:04,D_spec2d_L1024 ep3 step300,59,206.8,1826,71
2026-10-08 23:44:05,D_spec2d_L1024 ep4 start,59,198.2,1826,48
2026-10-08 23:44:06,D_spec2d_L1024 ep4 step100,58,201.7,1826,70
2026-10-08 23:44:08,D_spec2d_L1024 ep4 step200,58,207.0,1826,71
2026-10-08 23:44:10,D_spec2d_L1024 ep4 step300,58,206.4,1826,70
2026-10-08 23:44:10,D_spec2d_L1024 ep5 start,58,200.1,1826,47
2026-10-08 23:44:11,D_spec2d_L1024 ep5 step100,59,205.2,1826,70
2026-10-08 23:44:13,D_spec2d_L1024 ep5 step200,59,204.8,1826,70
2026-10-08 23:44:15,D_spec2d_L1024 ep5 step300,59,204.3,1826,71
2026-10-08 23:44:15,D_spec2d_L1024 ep6 start,59,201.9,1826,50
2026-10-08 23:44:16,D_spec2d_L1024 ep6 step100,59,206.2,1826,71
2026-10-08 23:44:18,D_spec2d_L1024 ep6 step200,59,205.2,1826,70
2026-10-08 23:44:20,D_spec2d_L1024 ep6 step300,59,204.3,1826,71
2026-10-08 23:44:20,D_spec2d_L1024 ep7 start,59,200.1,1826,47
2026-10-08 23:44:21,D_spec2d_L1024 ep7 step100,58,199.2,1826,70
2026-10-08 23:44:23,D_spec2d_L1024 ep7 step200,59,201.4,1826,60
2026-10-08 23:44:25,D_spec2d_L1024 ep7 step300,58,203.0,1826,60
2026-10-08 23:44:25,D_spec2d_L1024 ep8 start,58,200.6,1826,54
2026-10-08 23:44:26,D_spec2d_L1024 ep8 step100,59,206.0,1826,66
2026-10-08 23:44:28,D_spec2d_L1024 ep8 step200,59,204.6,1826,63
2026-10-08 23:44:30,D_spec2d_L1024 ep8 step300,59,203.1,1826,60
2026-10-08 23:44:30,D_spec2d_L1024 ep9 start,59,200.7,1826,55
2026-10-08 23:44:31,D_spec2d_L1024 ep9 step100,58,205.6,1826,70
2026-10-08 23:44:33,D_spec2d_L1024 ep9 step200,60,206.2,1826,71
2026-10-08 23:44:35,D_spec2d_L1024 ep9 step300,59,204.7,1826,63
2026-10-08 23:44:35,D_spec2d_L1024 ep10 start,59,202.3,1826,55
2026-10-08 23:44:36,D_spec2d_L1024 ep10 step100,60,206.0,1826,71
2026-10-08 23:44:38,D_spec2d_L1024 ep10 step200,59,205.9,1826,71
2026-10-08 23:44:40,D_spec2d_L1024 ep10 step300,59,205.5,1826,71
2026-10-08 23:44:40,D_spec2d_L1024 ep11 start,59,200.8,1826,46
2026-10-08 23:44:41,D_spec2d_L1024 ep11 step100,59,206.2,1826,70
2026-10-08 23:44:43,D_spec2d_L1024 ep11 step200,59,207.2,1826,71
2026-10-08 23:44:45,D_spec2d_L1024 ep11 step300,59,206.8,1826,69
2026-10-08 23:44:45,D_spec2d_L1024 ep12 start,59,202.3,1826,48
2026-10-08 23:44:46,D_spec2d_L1024 ep12 step100,59,207.0,1826,72
2026-10-08 23:44:48,D_spec2d_L1024 ep12 step200,59,206.8,1826,71
2026-10-08 23:44:50,D_spec2d_L1024 ep12 step300,60,206.1,1826,69
2026-10-08 23:44:50,D_spec2d_L1024 ep13 start,60,201.9,1826,50
2026-10-08 23:44:51,D_spec2d_L1024 ep13 step100,60,206.3,1826,70
2026-10-08 23:44:53,D_spec2d_L1024 ep13 step200,58,206.2,1826,70
2026-10-08 23:44:55,D_spec2d_L1024 ep13 step300,59,205.7,1826,71
2026-10-08 23:44:55,D_spec2d_L1024 ep14 start,59,197.2,1826,47
2026-10-08 23:44:57,D_spec2d_L1024 ep14 step100,60,202.2,1826,71
2026-10-08 23:44:58,D_spec2d_L1024 ep14 step200,60,206.3,1826,71
2026-10-08 23:45:00,D_spec2d_L1024 ep14 step300,60,206.4,1826,70
2026-10-08 23:45:00,D_spec2d_L1024 ep15 start,60,200.3,1826,50
2026-10-08 23:45:02,D_spec2d_L1024 ep15 step100,60,204.8,1826,71
2026-10-08 23:45:03,D_spec2d_L1024 ep15 step200,59,203.0,1826,70
2026-10-08 23:45:05,D_spec2d_L1024 ep15 step300,59,202.5,1826,71
2026-10-08 23:45:05,D_spec2d_L1024 ep16 start,59,201.7,1826,47
2026-10-08 23:45:07,D_spec2d_L1024 ep16 step100,60,206.1,1826,70
2026-10-08 23:45:08,D_spec2d_L1024 ep16 step200,59,203.7,1826,71
2026-10-08 23:45:10,D_spec2d_L1024 ep16 step300,60,207.5,1826,71
2026-10-08 23:45:10,D_spec2d_L1024 ep17 start,60,200.9,1826,52
2026-10-08 23:45:11,D_spec2d_L1024 ep17 step100,59,206.5,1826,71
2026-10-08 23:45:13,D_spec2d_L1024 ep17 step200,59,206.2,1826,70
2026-10-08 23:45:15,D_spec2d_L1024 ep17 step300,59,206.6,1826,70
2026-10-08 23:45:15,D_spec2d_L1024 ep18 start,59,200.4,1826,48
2026-10-08 23:45:17,D_spec2d_L1024 ep18 step100,59,204.0,1826,69
2026-10-08 23:45:18,D_spec2d_L1024 ep18 step200,59,203.5,1826,71
2026-10-08 23:45:20,D_spec2d_L1024 ep18 step300,59,207.2,1826,70
2026-10-08 23:45:20,D_spec2d_L1024 ep19 start,59,201.1,1826,47
2026-10-08 23:45:22,D_spec2d_L1024 ep19 step100,60,203.8,1826,70
2026-10-08 23:45:23,D_spec2d_L1024 ep19 step200,59,207.2,1826,71
2026-10-08 23:45:25,D_spec2d_L1024 ep19 step300,60,206.9,1826,72
2026-10-08 23:45:25,D_spec2d_L1024 ep20 start,60,200.1,1826,47
2026-10-08 23:45:27,D_spec2d_L1024 ep20 step100,59,205.0,1826,71
2026-10-08 23:45:28,D_spec2d_L1024 ep20 step200,59,203.4,1826,71
2026-10-08 23:45:30,D_spec2d_L1024 ep20 step300,60,207.3,1826,71
2026-10-08 23:45:30,D_spec2d_L1024 ep21 start,60,201.1,1826,49
2026-10-08 23:45:32,D_spec2d_L1024 ep21 step100,59,205.2,1826,70
2026-10-08 23:45:33,D_spec2d_L1024 ep21 step200,59,203.6,1826,71
2026-10-08 23:45:35,D_spec2d_L1024 ep21 step300,60,202.8,1826,69
2026-10-08 23:45:35,D_spec2d_L1024 ep22 start,60,201.7,1826,50
2026-10-08 23:45:37,D_spec2d_L1024 ep22 step100,59,205.9,1826,69
2026-10-08 23:45:38,D_spec2d_L1024 ep22 step200,59,205.1,1826,70
2026-10-08 23:45:40,D_spec2d_L1024 ep22 step300,59,206.5,1826,71
2026-10-08 23:45:40,D_spec2d_L1024 ep23 start,59,198.6,1826,51
2026-10-08 23:45:42,D_spec2d_L1024 ep23 step100,59,206.5,1826,69
2026-10-08 23:45:43,D_spec2d_L1024 ep23 step200,60,206.4,1826,70
2026-10-08 23:45:45,D_spec2d_L1024 ep23 step300,59,206.7,1826,68
2026-10-08 23:45:45,D_spec2d_L1024 ep24 start,59,202.3,1826,48
2026-10-08 23:45:47,D_spec2d_L1024 ep24 step100,59,206.7,1826,71
2026-10-08 23:45:48,D_spec2d_L1024 ep24 step200,59,206.8,1826,69
2026-10-08 23:45:50,D_spec2d_L1024 ep24 step300,60,206.4,1826,71
2026-10-08 23:45:50,D_spec2d_L1024 ep25 start,60,202.1,1826,48
2026-10-08 23:45:52,D_spec2d_L1024 ep25 step100,60,206.7,1826,71
2026-10-08 23:45:53,D_spec2d_L1024 ep25 step200,60,206.3,1826,70
2026-10-08 23:45:55,D_spec2d_L1024 ep25 step300,60,204.1,1826,69
2026-10-08 23:45:55,D_spec2d_L1024 ep26 start,60,196.9,1826,48
2026-10-08 23:45:57,D_spec2d_L1024 ep26 step100,59,203.4,1826,70
2026-10-08 23:45:58,D_spec2d_L1024 ep26 step200,59,203.3,1826,69
2026-10-08 23:46:00,D_spec2d_L1024 ep26 step300,60,205.5,1826,70
2026-10-08 23:46:00,D_spec2d_L1024 ep27 start,60,200.5,1826,51
2026-10-08 23:46:02,D_spec2d_L1024 ep27 step100,60,205.0,1826,69
2026-10-08 23:46:03,D_spec2d_L1024 ep27 step200,60,205.8,1826,71
2026-10-08 23:46:05,D_spec2d_L1024 ep27 step300,60,206.4,1826,70
2026-10-08 23:46:05,D_spec2d_L1024 ep28 start,60,200.7,1826,53
2026-10-08 23:46:07,D_spec2d_L1024 ep28 step100,60,205.1,1826,66
2026-10-08 23:46:08,D_spec2d_L1024 ep28 step200,60,203.8,1826,71
2026-10-08 23:46:10,D_spec2d_L1024 ep28 step300,60,207.4,1826,71
2026-10-08 23:46:10,D_spec2d_L1024 ep29 start,60,201.1,1826,55
2026-10-08 23:46:12,D_spec2d_L1024 ep29 step100,59,205.0,1826,71
2026-10-08 23:46:13,D_spec2d_L1024 ep29 step200,59,207.7,1826,70
2026-10-08 23:46:15,D_spec2d_L1024 ep29 step300,59,206.1,1826,68
2026-10-08 23:46:15,D_spec2d_L1024 ep30 start,59,200.6,1826,54
2026-10-08 23:46:17,D_spec2d_L1024 ep30 step100,60,205.2,1826,66
2026-10-08 23:46:18,D_spec2d_L1024 ep30 step200,60,205.1,1826,69
2026-10-08 23:46:20,D_spec2d_L1024 ep30 step300,59,205.7,1826,70
2026-10-08 23:46:20,D_spec2d_L1024 ep31 start,59,198.3,1826,46
2026-10-08 23:46:22,D_spec2d_L1024 ep31 step100,60,203.9,1826,70
2026-10-08 23:46:23,D_spec2d_L1024 ep31 step200,60,206.5,1826,71
2026-10-08 23:46:25,D_spec2d_L1024 ep31 step300,59,202.1,1826,71
2026-10-08 23:46:25,D_spec2d_L1024 ep32 start,59,200.4,1826,46
2026-10-08 23:46:27,D_spec2d_L1024 ep32 step100,59,206.1,1826,70
2026-10-08 23:46:29,D_spec2d_L1024 ep32 step200,59,206.4,1826,69
2026-10-08 23:46:30,D_spec2d_L1024 ep32 step300,59,205.2,1826,70
2026-10-08 23:46:30,D_spec2d_L1024 ep33 start,59,201.2,1826,53
2026-10-08 23:46:32,D_spec2d_L1024 ep33 step100,59,201.5,1826,55
2026-10-08 23:46:34,D_spec2d_L1024 ep33 step200,60,204.3,1826,65
2026-10-08 23:46:35,D_spec2d_L1024 ep33 step300,60,204.6,1826,66
2026-10-08 23:46:35,D_spec2d_L1024 ep34 start,60,199.5,1826,46
2026-10-08 23:46:37,D_spec2d_L1024 ep34 step100,59,201.8,1826,70
2026-10-08 23:46:39,D_spec2d_L1024 ep34 step200,60,204.5,1826,71
2026-10-08 23:46:40,D_spec2d_L1024 ep34 step300,59,205.6,1826,69
2026-10-08 23:46:41,D_spec2d_L1024 ep35 start,59,200.3,1826,50
2026-10-08 23:46:42,D_spec2d_L1024 ep35 step100,60,206.2,1826,71
2026-10-08 23:46:44,D_spec2d_L1024 ep35 step200,60,207.0,1826,71
2026-10-08 23:46:45,D_spec2d_L1024 ep35 step300,59,206.1,1826,69
2026-10-08 23:46:46,D_spec2d_L1024 ep36 start,59,200.1,1826,53
2026-10-08 23:46:47,D_spec2d_L1024 ep36 step100,60,204.1,1826,69
2026-10-08 23:46:49,D_spec2d_L1024 ep36 step200,60,205.1,1826,70
2026-10-08 23:46:50,D_spec2d_L1024 ep36 step300,60,205.0,1826,69
2026-10-08 23:46:51,D_spec2d_L1024 ep37 start,60,200.8,1826,47
2026-10-08 23:46:52,D_spec2d_L1024 ep37 step100,60,205.4,1826,68
2026-10-08 23:46:54,D_spec2d_L1024 ep37 step200,60,201.8,1826,69
2026-10-08 23:46:55,D_spec2d_L1024 ep37 step300,59,205.7,1826,71
2026-10-08 23:46:56,D_spec2d_L1024 ep38 start,59,202.6,1826,51
2026-10-08 23:46:57,D_spec2d_L1024 ep38 step100,59,204.7,1826,68
2026-10-08 23:46:59,D_spec2d_L1024 ep38 step200,58,201.7,1826,57
2026-10-08 23:47:01,D_spec2d_L1024 ep38 step300,59,204.4,1826,69
2026-10-08 23:47:01,D_spec2d_L1024 ep39 start,59,197.0,1826,47
2026-10-08 23:47:02,D_spec2d_L1024 ep39 step100,59,203.3,1826,69
2026-10-08 23:47:04,D_spec2d_L1024 ep39 step200,59,203.9,1826,69
2026-10-08 23:47:06,D_spec2d_L1024 ep39 step300,57,193.8,1826,27
2026-10-08 23:47:06,D_spec2d_L1024 ep40 start,57,187.7,1826,42
2026-10-08 23:47:08,D_spec2d_L1024 ep40 step100,61,206.6,1826,71
2026-10-08 23:47:09,D_spec2d_L1024 ep40 step200,60,206.7,1826,69
2026-10-08 23:47:11,D_spec2d_L1024 ep40 step300,60,206.9,1826,71
2026-10-08 23:47:11,D_spec2d_L1024 ep41 start,60,201.8,1826,45
2026-10-08 23:47:13,D_spec2d_L1024 ep41 step100,61,206.9,1826,71
2026-10-08 23:47:14,D_spec2d_L1024 ep41 step200,60,207.4,1826,71
2026-10-08 23:47:16,D_spec2d_L1024 ep41 step300,60,206.5,1826,71
2026-10-08 23:47:16,D_spec2d_L1024 ep42 start,60,202.2,1826,47
2026-10-08 23:47:18,D_spec2d_L1024 ep42 step100,59,206.4,1826,70
2026-10-08 23:47:19,D_spec2d_L1024 ep42 step200,60,205.9,1826,68
2026-10-08 23:47:21,D_spec2d_L1024 ep42 step300,60,205.9,1826,68
2026-10-08 23:47:21,D_spec2d_L1024 ep43 start,60,199.6,1826,47
2026-10-08 23:47:23,D_spec2d_L1024 ep43 step100,60,205.4,1826,70
2026-10-08 23:47:24,D_spec2d_L1024 ep43 step200,60,205.7,1826,70
2026-10-08 23:47:26,D_spec2d_L1024 ep43 step300,60,206.9,1826,71
2026-10-08 23:47:26,D_spec2d_L1024 ep44 start,60,202.4,1826,52
2026-10-08 23:47:28,D_spec2d_L1024 ep44 step100,60,206.4,1826,71
2026-10-08 23:47:29,D_spec2d_L1024 ep44 step200,60,206.0,1826,69
2026-10-08 23:47:31,D_spec2d_L1024 ep44 step300,60,205.1,1826,71
2026-10-08 23:47:31,D_spec2d_L1024 ep45 start,60,201.0,1826,49
2026-10-08 23:47:33,D_spec2d_L1024 ep45 step100,59,206.5,1826,71
2026-10-08 23:47:34,D_spec2d_L1024 ep45 step200,60,207.9,1826,70
2026-10-08 23:47:36,D_spec2d_L1024 ep45 step300,60,207.5,1826,71
2026-10-08 23:47:36,D_spec2d_L1024 ep46 start,60,203.3,1826,53
2026-10-08 23:47:38,D_spec2d_L1024 ep46 step100,60,206.5,1826,70
2026-10-08 23:47:39,D_spec2d_L1024 ep46 step200,59,204.9,1826,69
2026-10-08 23:47:41,D_spec2d_L1024 ep46 step300,59,206.5,1826,71
2026-10-08 23:47:41,D_spec2d_L1024 ep47 start,59,198.8,1826,49
2026-10-08 23:47:43,D_spec2d_L1024 ep47 step100,60,203.3,1826,60
2026-10-08 23:47:44,D_spec2d_L1024 ep47 step200,59,203.6,1826,60
2026-10-08 23:47:46,D_spec2d_L1024 ep47 step300,61,206.9,1826,70
2026-10-08 23:47:46,D_spec2d_L1024 ep48 start,61,202.7,1826,58
2026-10-08 23:47:48,D_spec2d_L1024 ep48 step100,59,206.5,1826,69
2026-10-08 23:47:49,D_spec2d_L1024 ep48 step200,60,207.1,1826,71
2026-10-08 23:47:51,D_spec2d_L1024 ep48 step300,60,206.2,1826,65
2026-10-08 23:47:51,D_spec2d_L1024 ep49 start,60,204.4,1826,54
2026-10-08 23:47:53,D_spec2d_L1024 ep49 step100,60,206.6,1826,71
2026-10-08 23:47:54,D_spec2d_L1024 ep49 step200,60,205.8,1826,69
2026-10-08 23:47:56,D_spec2d_L1024 ep49 step300,60,207.3,1826,69
2026-10-08 23:47:56,D_spec2d_L1024 ep50 start,60,202.7,1826,48
2026-10-08 23:47:58,D_spec2d_L1024 ep50 step100,60,204.8,1826,71
2026-10-08 23:47:59,D_spec2d_L1024 ep50 step200,60,204.2,1826,71
2026-10-08 23:48:01,D_spec2d_L1024 ep50 step300,60,203.7,1826,71
2026-10-08 23:48:01,D_spec2d_L1024 ep51 start,60,195.4,1826,44
2026-10-08 23:48:03,D_spec2d_L1024 ep51 step100,60,201.5,1826,70
2026-10-08 23:48:04,D_spec2d_L1024 ep51 step200,60,201.5,1826,70
2026-10-08 23:48:06,D_spec2d_L1024 ep51 step300,60,201.4,1826,71
2026-10-08 23:48:06,D_spec2d_L1024 ep52 start,60,200.2,1826,51
2026-10-08 23:48:08,D_spec2d_L1024 ep52 step100,60,203.7,1826,71
2026-10-08 23:48:09,D_spec2d_L1024 ep52 step200,59,204.5,1826,71
2026-10-08 23:48:11,D_spec2d_L1024 ep52 step300,59,203.4,1826,70
2026-10-08 23:48:11,D_spec2d_L1024 ep53 start,59,198.1,1826,49
2026-10-08 23:48:13,D_spec2d_L1024 ep53 step100,60,204.2,1826,71
2026-10-08 23:48:15,D_spec2d_L1024 ep53 step200,60,203.9,1826,71
2026-10-08 23:48:16,D_spec2d_L1024 ep53 step300,60,204.8,1826,71
2026-10-08 23:48:16,D_spec2d_L1024 ep54 start,60,200.6,1826,54
2026-10-08 23:48:18,D_spec2d_L1024 ep54 step100,61,204.6,1826,71
2026-10-08 23:48:19,D_spec2d_L1024 ep54 step200,60,204.9,1826,71
2026-10-08 23:48:21,D_spec2d_L1024 ep54 step300,59,203.6,1826,70
2026-10-08 23:48:21,D_spec2d_L1024 ep55 start,59,198.7,1826,50
2026-10-08 23:48:23,D_spec2d_L1024 ep55 step100,60,199.2,1826,67
2026-10-08 23:48:25,D_spec2d_L1024 ep55 step200,60,201.6,1826,70
2026-10-08 23:48:26,D_spec2d_L1024 ep55 step300,60,204.4,1826,71
2026-10-08 23:48:26,D_spec2d_L1024 ep56 start,60,200.6,1826,58
2026-10-08 23:48:28,D_spec2d_L1024 ep56 step100,59,203.2,1826,65
2026-10-08 23:48:30,D_spec2d_L1024 ep56 step200,60,202.9,1826,63
2026-10-08 23:48:31,D_spec2d_L1024 ep56 step300,60,201.9,1826,70
2026-10-08 23:48:31,D_spec2d_L1024 ep57 start,60,200.9,1826,58
2026-10-08 23:48:33,D_spec2d_L1024 ep57 step100,60,205.1,1826,71
2026-10-08 23:48:35,D_spec2d_L1024 ep57 step200,59,203.8,1826,66
2026-10-08 23:48:36,D_spec2d_L1024 ep57 step300,60,203.4,1826,65
2026-10-08 23:48:36,D_spec2d_L1024 ep58 start,60,200.1,1826,52
2026-10-08 23:48:38,D_spec2d_L1024 ep58 step100,60,203.8,1826,70
2026-10-08 23:48:40,D_spec2d_L1024 ep58 step200,59,204.9,1826,70
2026-10-08 23:48:41,D_spec2d_L1024 ep58 step300,60,204.6,1826,71
2026-10-08 23:48:41,D_spec2d_L1024 ep59 start,60,197.6,1826,47
2026-10-08 23:48:43,D_spec2d_L1024 ep59 step100,59,201.4,1826,70
2026-10-08 23:48:45,D_spec2d_L1024 ep59 step200,60,201.7,1826,69
2026-10-08 23:48:46,D_spec2d_L1024 ep59 step300,60,202.8,1826,71
2026-10-08 23:48:46,D_spec2d_L1024 ep60 start,60,200.8,1826,52
2026-10-08 23:48:48,D_spec2d_L1024 ep60 step100,60,204.9,1826,70
2026-10-08 23:48:50,D_spec2d_L1024 ep60 step200,60,204.6,1826,71
2026-10-08 23:48:51,D_spec2d_L1024 ep60 step300,60,203.7,1826,69
2026-10-08 23:49:13,E_cnn1d_L4096 ep1 start,49,69.1,612,0
2026-10-08 23:49:17,E_cnn1d_L4096 ep1 step100,55,184.6,1818,52
2026-10-08 23:49:21,E_cnn1d_L4096 ep1 step200,56,185.0,1818,53
2026-10-08 23:49:24,E_cnn1d_L4096 ep1 step300,55,188.3,1818,57
2026-10-08 23:49:26,E_cnn1d_L4096 ep2 start,56,194.5,1180,66
2026-10-08 23:49:29,E_cnn1d_L4096 ep2 step100,56,186.3,1796,56
2026-10-08 23:49:33,E_cnn1d_L4096 ep2 step200,56,188.7,1796,56
2026-10-08 23:49:36,E_cnn1d_L4096 ep2 step300,57,187.3,1796,53
2026-10-08 23:49:37,E_cnn1d_L4096 ep3 start,56,177.0,2564,47
2026-10-08 23:49:41,E_cnn1d_L4096 ep3 step100,57,187.3,2564,53
2026-10-08 23:49:44,E_cnn1d_L4096 ep3 step200,56,187.4,2564,48
2026-10-08 23:49:48,E_cnn1d_L4096 ep3 step300,57,188.6,2564,56
2026-10-08 23:49:48,E_cnn1d_L4096 ep4 start,56,178.7,2564,46
2026-10-08 23:49:52,E_cnn1d_L4096 ep4 step100,57,186.6,2564,57
2026-10-08 23:49:55,E_cnn1d_L4096 ep4 step200,57,189.6,2564,58
2026-10-08 23:49:59,E_cnn1d_L4096 ep4 step300,58,188.4,2564,56
2026-10-08 23:50:00,E_cnn1d_L4096 ep5 start,57,175.4,2564,41
2026-10-08 23:50:03,E_cnn1d_L4096 ep5 step100,57,189.2,2564,54
2026-10-08 23:50:07,E_cnn1d_L4096 ep5 step200,58,188.6,2564,54
2026-10-08 23:50:10,E_cnn1d_L4096 ep5 step300,58,188.9,2564,55
2026-10-08 23:50:11,E_cnn1d_L4096 ep6 start,57,178.9,2564,48
2026-10-08 23:50:14,E_cnn1d_L4096 ep6 step100,58,189.8,2564,58
2026-10-08 23:50:18,E_cnn1d_L4096 ep6 step200,58,188.2,2564,53
2026-10-08 23:50:21,E_cnn1d_L4096 ep6 step300,58,188.6,2564,53
2026-10-08 23:50:22,E_cnn1d_L4096 ep7 start,58,178.6,2564,48
2026-10-08 23:50:26,E_cnn1d_L4096 ep7 step100,58,188.3,2564,54
2026-10-08 23:50:29,E_cnn1d_L4096 ep7 step200,58,188.3,2564,54
2026-10-08 23:50:33,E_cnn1d_L4096 ep7 step300,59,188.6,2564,50
2026-10-08 23:50:33,E_cnn1d_L4096 ep8 start,57,173.6,2564,45
2026-10-08 23:50:37,E_cnn1d_L4096 ep8 step100,58,188.3,2564,53
2026-10-08 23:50:40,E_cnn1d_L4096 ep8 step200,58,188.4,2564,55
2026-10-08 23:50:44,E_cnn1d_L4096 ep8 step300,58,188.8,2564,53
2026-10-08 23:50:45,E_cnn1d_L4096 ep9 start,58,178.7,2564,44
2026-10-08 23:50:48,E_cnn1d_L4096 ep9 step100,58,188.2,2564,48
2026-10-08 23:50:52,E_cnn1d_L4096 ep9 step200,58,189.8,2564,56
2026-10-08 23:50:55,E_cnn1d_L4096 ep9 step300,59,188.9,2564,53
2026-10-08 23:50:56,E_cnn1d_L4096 ep10 start,58,175.8,2564,40
2026-10-08 23:50:59,E_cnn1d_L4096 ep10 step100,59,189.3,2564,56
2026-10-08 23:51:03,E_cnn1d_L4096 ep10 step200,59,188.8,2564,49
2026-10-08 23:51:06,E_cnn1d_L4096 ep10 step300,59,189.7,2564,58
2026-10-08 23:51:07,E_cnn1d_L4096 ep11 start,58,180.0,2564,44
2026-10-08 23:51:11,E_cnn1d_L4096 ep11 step100,58,188.6,2564,58
2026-10-08 23:51:14,E_cnn1d_L4096 ep11 step200,59,189.7,2564,57
2026-10-08 23:51:18,E_cnn1d_L4096 ep11 step300,59,188.3,2564,57
2026-10-08 23:51:18,E_cnn1d_L4096 ep12 start,58,175.8,2564,43
2026-10-08 23:51:22,E_cnn1d_L4096 ep12 step100,58,188.8,2564,52
2026-10-08 23:51:25,E_cnn1d_L4096 ep12 step200,58,189.7,2564,57
2026-10-08 23:51:29,E_cnn1d_L4096 ep12 step300,59,188.8,2564,53
2026-10-08 23:51:30,E_cnn1d_L4096 ep13 start,58,178.8,2564,48
2026-10-08 23:51:33,E_cnn1d_L4096 ep13 step100,58,186.4,2564,54
2026-10-08 23:51:37,E_cnn1d_L4096 ep13 step200,58,190.2,2564,58
2026-10-08 23:51:40,E_cnn1d_L4096 ep13 step300,59,189.7,2564,53
2026-10-08 23:51:41,E_cnn1d_L4096 ep14 start,58,178.8,2564,44
2026-10-08 23:51:44,E_cnn1d_L4096 ep14 step100,58,189.6,2564,57
2026-10-08 23:51:48,E_cnn1d_L4096 ep14 step200,59,190.3,2564,57
2026-10-08 23:51:52,E_cnn1d_L4096 ep14 step300,59,187.7,2564,58
2026-10-08 23:51:52,E_cnn1d_L4096 ep15 start,58,178.9,2564,47
2026-10-08 23:51:56,E_cnn1d_L4096 ep15 step100,59,189.5,2564,53
2026-10-08 23:51:59,E_cnn1d_L4096 ep15 step200,59,189.2,2564,53
2026-10-08 23:52:03,E_cnn1d_L4096 ep15 step300,59,189.8,2564,55
2026-10-08 23:52:03,E_cnn1d_L4096 ep16 start,58,178.6,2564,48
2026-10-08 23:52:07,E_cnn1d_L4096 ep16 step100,58,189.1,2564,53
2026-10-08 23:52:11,E_cnn1d_L4096 ep16 step200,59,190.1,2564,54
2026-10-08 23:52:14,E_cnn1d_L4096 ep16 step300,59,188.9,2564,49
2026-10-08 23:52:15,E_cnn1d_L4096 ep17 start,58,180.3,2564,48
2026-10-08 23:52:18,E_cnn1d_L4096 ep17 step100,59,189.8,2564,54
2026-10-08 23:52:22,E_cnn1d_L4096 ep17 step200,59,187.7,2564,53
2026-10-08 23:52:25,E_cnn1d_L4096 ep17 step300,59,190.7,2564,56
2026-10-08 23:52:26,E_cnn1d_L4096 ep18 start,58,178.8,2564,45
2026-10-08 23:52:29,E_cnn1d_L4096 ep18 step100,59,188.8,2564,50
2026-10-08 23:52:33,E_cnn1d_L4096 ep18 step200,60,190.4,2564,56
2026-10-08 23:52:37,E_cnn1d_L4096 ep18 step300,59,188.7,2564,56
2026-10-08 23:52:37,E_cnn1d_L4096 ep19 start,58,180.3,2564,46
2026-10-08 23:52:41,E_cnn1d_L4096 ep19 step100,59,189.4,2564,57
2026-10-08 23:52:44,E_cnn1d_L4096 ep19 step200,59,188.7,2564,56
2026-10-08 23:52:48,E_cnn1d_L4096 ep19 step300,59,190.0,2564,55
2026-10-08 23:52:48,E_cnn1d_L4096 ep20 start,58,180.0,2564,45
2026-10-08 23:52:52,E_cnn1d_L4096 ep20 step100,59,188.8,2564,54
2026-10-08 23:52:56,E_cnn1d_L4096 ep20 step200,59,189.8,2564,54
2026-10-08 23:52:59,E_cnn1d_L4096 ep20 step300,59,189.9,2564,53
2026-10-08 23:53:00,E_cnn1d_L4096 ep21 start,58,178.9,2564,44
2026-10-08 23:53:03,E_cnn1d_L4096 ep21 step100,58,188.4,2564,48
2026-10-08 23:53:07,E_cnn1d_L4096 ep21 step200,60,188.9,2564,53
2026-10-08 23:53:10,E_cnn1d_L4096 ep21 step300,59,190.0,2564,57
2026-10-08 23:53:11,E_cnn1d_L4096 ep22 start,59,178.8,2564,45
2026-10-08 23:53:15,E_cnn1d_L4096 ep22 step100,59,189.3,2564,53
2026-10-08 23:53:18,E_cnn1d_L4096 ep22 step200,59,188.8,2564,52
2026-10-08 23:53:22,E_cnn1d_L4096 ep22 step300,59,188.7,2564,52
2026-10-08 23:53:22,E_cnn1d_L4096 ep23 start,59,178.6,2564,44
2026-10-08 23:53:26,E_cnn1d_L4096 ep23 step100,59,187.7,2564,57
2026-10-08 23:53:29,E_cnn1d_L4096 ep23 step200,59,189.9,2564,57
2026-10-08 23:53:33,E_cnn1d_L4096 ep23 step300,59,190.0,2564,58
2026-10-08 23:53:34,E_cnn1d_L4096 ep24 start,59,177.8,2564,44
2026-10-08 23:53:37,E_cnn1d_L4096 ep24 step100,59,184.9,2564,53
2026-10-08 23:53:41,E_cnn1d_L4096 ep24 step200,59,188.2,2564,52
2026-10-08 23:53:44,E_cnn1d_L4096 ep24 step300,59,189.5,2564,57
2026-10-08 23:53:45,E_cnn1d_L4096 ep25 start,58,176.9,2564,42
2026-10-08 23:53:49,E_cnn1d_L4096 ep25 step100,59,190.9,2564,56
2026-10-08 23:53:52,E_cnn1d_L4096 ep25 step200,59,187.9,2564,52
2026-10-08 23:53:56,E_cnn1d_L4096 ep25 step300,60,188.2,2564,48
2026-10-08 23:53:56,E_cnn1d_L4096 ep26 start,59,180.0,2564,48
2026-10-08 23:54:00,E_cnn1d_L4096 ep26 step100,59,188.9,2564,51
2026-10-08 23:54:03,E_cnn1d_L4096 ep26 step200,59,188.1,2564,58
2026-10-08 23:54:07,E_cnn1d_L4096 ep26 step300,60,188.7,2564,53
2026-10-08 23:54:08,E_cnn1d_L4096 ep27 start,58,179.1,2564,42
2026-10-08 23:54:11,E_cnn1d_L4096 ep27 step100,60,189.8,2564,58
2026-10-08 23:54:15,E_cnn1d_L4096 ep27 step200,59,189.3,2564,55
2026-10-08 23:54:18,E_cnn1d_L4096 ep27 step300,59,188.7,2564,52
2026-10-08 23:54:19,E_cnn1d_L4096 ep28 start,59,179.2,2564,43
2026-10-08 23:54:22,E_cnn1d_L4096 ep28 step100,59,189.0,2564,53
2026-10-08 23:54:26,E_cnn1d_L4096 ep28 step200,60,188.8,2564,53
2026-10-08 23:54:30,E_cnn1d_L4096 ep28 step300,59,189.5,2564,52
2026-10-08 23:54:30,E_cnn1d_L4096 ep29 start,58,179.4,2564,43
2026-10-08 23:54:34,E_cnn1d_L4096 ep29 step100,59,188.2,2564,56
2026-10-08 23:54:37,E_cnn1d_L4096 ep29 step200,59,188.9,2564,56
2026-10-08 23:54:41,E_cnn1d_L4096 ep29 step300,59,188.7,2564,48
2026-10-08 23:54:41,E_cnn1d_L4096 ep30 start,58,180.5,2564,48
2026-10-08 23:54:45,E_cnn1d_L4096 ep30 step100,59,189.1,2564,55
2026-10-08 23:54:49,E_cnn1d_L4096 ep30 step200,59,188.9,2564,57
2026-10-08 23:54:52,E_cnn1d_L4096 ep30 step300,59,188.8,2564,56
2026-10-08 23:54:53,E_cnn1d_L4096 ep31 start,59,180.3,2564,46
2026-10-08 23:54:56,E_cnn1d_L4096 ep31 step100,59,188.7,2564,58
2026-10-08 23:55:00,E_cnn1d_L4096 ep31 step200,59,189.5,2564,54
2026-10-08 23:55:03,E_cnn1d_L4096 ep31 step300,59,188.8,2564,50
2026-10-08 23:55:04,E_cnn1d_L4096 ep32 start,58,180.9,2564,48
2026-10-08 23:55:08,E_cnn1d_L4096 ep32 step100,59,189.1,2564,54
2026-10-08 23:55:11,E_cnn1d_L4096 ep32 step200,59,188.9,2564,56
2026-10-08 23:55:15,E_cnn1d_L4096 ep32 step300,59,189.0,2564,52
2026-10-08 23:55:15,E_cnn1d_L4096 ep33 start,58,179.2,2564,48
2026-10-08 23:55:19,E_cnn1d_L4096 ep33 step100,59,188.2,2564,50
2026-10-08 23:55:22,E_cnn1d_L4096 ep33 step200,59,188.8,2564,53
2026-10-08 23:55:26,E_cnn1d_L4096 ep33 step300,59,188.9,2564,53
2026-10-08 23:55:27,E_cnn1d_L4096 ep34 start,58,179.3,2564,43
2026-10-08 23:55:30,E_cnn1d_L4096 ep34 step100,60,190.2,2564,57
2026-10-08 23:55:34,E_cnn1d_L4096 ep34 step200,59,188.8,2564,55
2026-10-08 23:55:37,E_cnn1d_L4096 ep34 step300,59,188.3,2564,53
2026-10-08 23:55:38,E_cnn1d_L4096 ep35 start,58,176.1,2564,42
2026-10-08 23:55:42,E_cnn1d_L4096 ep35 step100,59,188.0,2564,53
2026-10-08 23:55:45,E_cnn1d_L4096 ep35 step200,60,188.8,2564,54
2026-10-08 23:55:49,E_cnn1d_L4096 ep35 step300,59,189.6,2564,53
2026-10-08 23:55:49,E_cnn1d_L4096 ep36 start,58,179.4,2564,46
2026-10-08 23:55:53,E_cnn1d_L4096 ep36 step100,59,190.0,2564,55
2026-10-08 23:55:56,E_cnn1d_L4096 ep36 step200,60,188.8,2564,57
2026-10-08 23:56:00,E_cnn1d_L4096 ep36 step300,59,187.2,2564,55
2026-10-08 23:56:01,E_cnn1d_L4096 ep37 start,58,176.1,2564,45
2026-10-08 23:56:04,E_cnn1d_L4096 ep37 step100,59,189.9,2564,56
2026-10-08 23:56:08,E_cnn1d_L4096 ep37 step200,59,188.9,2564,52
2026-10-08 23:56:11,E_cnn1d_L4096 ep37 step300,59,189.0,2564,49
2026-10-08 23:56:12,E_cnn1d_L4096 ep38 start,59,179.4,2564,48
2026-10-08 23:56:16,E_cnn1d_L4096 ep38 step100,60,189.6,2564,57
2026-10-08 23:56:19,E_cnn1d_L4096 ep38 step200,60,189.0,2564,58
2026-10-08 23:56:23,E_cnn1d_L4096 ep38 step300,59,187.7,2564,54
2026-10-08 23:56:23,E_cnn1d_L4096 ep39 start,58,179.7,2564,48
2026-10-08 23:56:27,E_cnn1d_L4096 ep39 step100,59,189.1,2564,53
2026-10-08 23:56:31,E_cnn1d_L4096 ep39 step200,59,190.2,2564,58
2026-10-08 23:56:34,E_cnn1d_L4096 ep39 step300,59,188.9,2564,51
2026-10-08 23:56:35,E_cnn1d_L4096 ep40 start,59,176.0,2564,42
2026-10-08 23:56:38,E_cnn1d_L4096 ep40 step100,59,189.0,2564,56
2026-10-08 23:56:42,E_cnn1d_L4096 ep40 step200,59,191.0,2564,58
2026-10-08 23:56:45,E_cnn1d_L4096 ep40 step300,59,190.1,2564,53
2026-10-08 23:56:46,E_cnn1d_L4096 ep41 start,59,179.1,2564,44
2026-10-08 23:56:50,E_cnn1d_L4096 ep41 step100,59,190.0,2564,55
2026-10-08 23:56:53,E_cnn1d_L4096 ep41 step200,60,189.2,2564,54
2026-10-08 23:56:57,E_cnn1d_L4096 ep41 step300,60,189.3,2564,55
2026-10-08 23:56:57,E_cnn1d_L4096 ep42 start,58,174.1,2564,42
2026-10-08 23:57:01,E_cnn1d_L4096 ep42 step100,60,188.2,2564,53
2026-10-08 23:57:04,E_cnn1d_L4096 ep42 step200,59,190.1,2564,53
2026-10-08 23:57:08,E_cnn1d_L4096 ep42 step300,59,189.1,2564,51
2026-10-08 23:57:09,E_cnn1d_L4096 ep43 start,58,176.0,2564,44
2026-10-08 23:57:12,E_cnn1d_L4096 ep43 step100,59,189.9,2564,57
2026-10-08 23:57:16,E_cnn1d_L4096 ep43 step200,60,190.1,2564,56
2026-10-08 23:57:19,E_cnn1d_L4096 ep43 step300,59,189.1,2564,56
2026-10-08 23:57:20,E_cnn1d_L4096 ep44 start,59,179.8,2564,45
2026-10-08 23:57:23,E_cnn1d_L4096 ep44 step100,59,189.0,2564,58
2026-10-08 23:57:27,E_cnn1d_L4096 ep44 step200,59,189.9,2564,53
2026-10-08 23:57:31,E_cnn1d_L4096 ep44 step300,59,189.1,2564,54
2026-10-08 23:57:31,E_cnn1d_L4096 ep45 start,58,176.0,2564,44
2026-10-08 23:57:35,E_cnn1d_L4096 ep45 step100,59,190.5,2564,58
2026-10-08 23:57:38,E_cnn1d_L4096 ep45 step200,59,189.0,2564,54
2026-10-08 23:57:42,E_cnn1d_L4096 ep45 step300,59,189.8,2564,54
2026-10-08 23:57:42,E_cnn1d_L4096 ep46 start,59,176.2,2564,39
2026-10-08 23:57:46,E_cnn1d_L4096 ep46 step100,59,190.6,2564,58
2026-10-08 23:57:50,E_cnn1d_L4096 ep46 step200,59,190.0,2564,58
2026-10-08 23:57:53,E_cnn1d_L4096 ep46 step300,60,189.1,2564,52
2026-10-08 23:57:54,E_cnn1d_L4096 ep47 start,58,179.5,2564,46
2026-10-08 23:57:57,E_cnn1d_L4096 ep47 step100,59,189.0,2564,53
2026-10-08 23:58:01,E_cnn1d_L4096 ep47 step200,60,188.9,2564,52
2026-10-08 23:58:04,E_cnn1d_L4096 ep47 step300,59,190.4,2564,56
2026-10-08 23:58:05,E_cnn1d_L4096 ep48 start,58,178.4,2564,43
2026-10-08 23:58:09,E_cnn1d_L4096 ep48 step100,59,190.2,2564,57
2026-10-08 23:58:12,E_cnn1d_L4096 ep48 step200,59,188.8,2564,48
2026-10-08 23:58:16,E_cnn1d_L4096 ep48 step300,59,189.7,2564,57
2026-10-08 23:58:16,E_cnn1d_L4096 ep49 start,59,178.8,2564,41
2026-10-08 23:58:20,E_cnn1d_L4096 ep49 step100,59,187.3,2564,58
2026-10-08 23:58:23,E_cnn1d_L4096 ep49 step200,59,188.8,2564,53
2026-10-08 23:58:27,E_cnn1d_L4096 ep49 step300,59,188.8,2564,53
2026-10-08 23:58:28,E_cnn1d_L4096 ep50 start,59,179.1,2564,48
2026-10-08 23:58:31,E_cnn1d_L4096 ep50 step100,59,186.7,2564,56
2026-10-08 23:58:35,E_cnn1d_L4096 ep50 step200,59,189.7,2564,54
2026-10-08 23:58:38,E_cnn1d_L4096 ep50 step300,59,188.9,2564,53
2026-10-08 23:58:39,E_cnn1d_L4096 ep51 start,59,179.2,2564,45
2026-10-08 23:58:43,E_cnn1d_L4096 ep51 step100,59,190.2,2564,55
2026-10-08 23:58:46,E_cnn1d_L4096 ep51 step200,59,188.9,2564,49
2026-10-08 23:58:50,E_cnn1d_L4096 ep51 step300,59,189.5,2564,55
2026-10-08 23:58:50,E_cnn1d_L4096 ep52 start,59,179.3,2564,40
2026-10-08 23:58:54,E_cnn1d_L4096 ep52 step100,59,188.7,2564,55
2026-10-08 23:58:57,E_cnn1d_L4096 ep52 step200,60,189.9,2564,54
2026-10-08 23:59:01,E_cnn1d_L4096 ep52 step300,60,190.0,2564,53
2026-10-08 23:59:02,E_cnn1d_L4096 ep53 start,58,179.0,2564,44
2026-10-08 23:59:05,E_cnn1d_L4096 ep53 step100,60,188.9,2564,53
2026-10-08 23:59:09,E_cnn1d_L4096 ep53 step200,59,187.5,2564,55
2026-10-08 23:59:12,E_cnn1d_L4096 ep53 step300,60,188.9,2564,52
2026-10-08 23:59:13,E_cnn1d_L4096 ep54 start,58,179.3,2564,43
2026-10-08 23:59:16,E_cnn1d_L4096 ep54 step100,60,190.0,2564,55
2026-10-08 23:59:20,E_cnn1d_L4096 ep54 step200,59,189.1,2564,52
2026-10-08 23:59:24,E_cnn1d_L4096 ep54 step300,59,188.8,2564,52
2026-10-08 23:59:24,E_cnn1d_L4096 ep55 start,59,179.1,2564,47
2026-10-08 23:59:28,E_cnn1d_L4096 ep55 step100,59,190.0,2564,57
2026-10-08 23:59:31,E_cnn1d_L4096 ep55 step200,59,189.1,2564,51
2026-10-08 23:59:35,E_cnn1d_L4096 ep55 step300,59,190.1,2564,56
2026-10-08 23:59:35,E_cnn1d_L4096 ep56 start,59,179.2,2564,43
2026-10-08 23:59:39,E_cnn1d_L4096 ep56 step100,60,186.0,2564,53
2026-10-08 23:59:43,E_cnn1d_L4096 ep56 step200,59,189.3,2564,55
2026-10-08 23:59:46,E_cnn1d_L4096 ep56 step300,60,188.9,2564,52
2026-10-08 23:59:47,E_cnn1d_L4096 ep57 start,58,178.8,2564,47
2026-10-08 23:59:50,E_cnn1d_L4096 ep57 step100,59,188.8,2564,52
2026-10-08 23:59:54,E_cnn1d_L4096 ep57 step200,59,189.0,2564,52
2026-10-08 23:59:58,E_cnn1d_L4096 ep57 step300,59,189.0,2564,53
2026-10-08 23:59:58,E_cnn1d_L4096 ep58 start,59,179.0,2564,44
2026-10-09 00:00:02,E_cnn1d_L4096 ep58 step100,59,188.2,2564,48
2026-10-09 00:00:05,E_cnn1d_L4096 ep58 step200,59,190.1,2564,57
2026-10-09 00:00:09,E_cnn1d_L4096 ep58 step300,59,190.2,2564,55
2026-10-09 00:00:09,E_cnn1d_L4096 ep59 start,59,176.9,2564,43
2026-10-09 00:00:13,E_cnn1d_L4096 ep59 step100,59,189.4,2564,52
2026-10-09 00:00:17,E_cnn1d_L4096 ep59 step200,60,189.0,2564,58
2026-10-09 00:00:20,E_cnn1d_L4096 ep59 step300,59,188.7,2564,55
2026-10-09 00:00:21,E_cnn1d_L4096 ep60 start,59,178.5,2564,44
2026-10-09 00:00:24,E_cnn1d_L4096 ep60 step100,59,187.2,2564,53
2026-10-09 00:00:28,E_cnn1d_L4096 ep60 step200,59,189.7,2564,56
2026-10-09 00:00:31,E_cnn1d_L4096 ep60 step300,59,190.0,2564,58
